place_name,place_kind,person_name,organisation_name,organisation_kind,position_title
Bulawayo Central,Constituency,Dorcas Sibanda,Parliament,Governmental,Member of Parliament
Bulawayo East,Constituency,Thabitha Khumalo,Parliament,Governmental,Member of Parliament
Bulawayo South,Constituency,Edward G. Cross,Parliament,Governmental,Member of Parliament
EmaKhandeni-Entubane,Constituency,Dingilizwe Tshuma,Parliament,Governmental,Member of Parliament
Lobengula,Constituency,Samuel Sipepa,Parliament,Governmental,Member of Parliament
Luveve,Constituency,Reggie Moyo,Parliament,Governmental,Member of Parliament
Magwegwe,Constituency,Anele Ndebele,Parliament,Governmental,Member of Parliament
Makokoba,Constituency,Gorden Moyo,Parliament,Governmental,Member of Parliament
Nketa,Constituency,Phelele Masuku,Parliament,Governmental,Member of Parliament
Nkulumane,Constituency,Tamsanqa Mahlangu,Parliament,Governmental,Member of Parliament
Pelandaba-Mpompoma,Constituency,Bekithemba Nyathi,Parliament,Governmental,Member of Parliament
Pumula,Constituency,Albert Mhlanga,Parliament,Governmental,Member of Parliament
Budiriro,Constituency,Costa Machingauta,Parliament,Governmental,Member of Parliament
Chitungwiza North,Constituency,Godfrey Sithole,Parliament,Governmental,Member of Parliament
Chutungwiza South,Constituency,Christopher Chigumba,Parliament,Governmental,Member of Parliament
Dzivarasekwa,Constituency,Solomon Madzore,Parliament,Governmental,Member of Parliament
Epworth,Constituency,Amos Midzi,Parliament,Governmental,Member of Parliament
Glen Norah,Constituency,Webster Maondera,Parliament,Governmental,Member of Parliament
Glen View North,Constituency,Fani Munengani,Parliament,Governmental,Member of Parliament
Glen View South,Constituency,Paul Madzore,Parliament,Governmental,Member of Parliament
Harare Cental,Constituency,Murisi Zwizwai,Parliament,Governmental,Member of Parliament
Harare East,Constituency,Tendai Biti,Parliament,Governmental,Member of Parliament
Harare North,Constituency,Tongesai Mudambo,Parliament,Governmental,Member of Parliament
Harare South,Constituency,Shadreck Mashayamombe,Parliament,Governmental,Member of Parliament
Harare West,Constituency,Fungai J Majome,Parliament,Governmental,Member of Parliament
Hatfield,Constituency,Tapiwa Mashakada,Parliament,Governmental,Member of Parliament
Highfield East,Constituency,Erick Murai,Parliament,Governmental,Member of Parliament
Highfield West,Constituency,Moses Manyengawana,Parliament,Governmental,Member of Parliament
Kambuzuma,Constituency,Willias Madzimure,Parliament,Governmental,Member of Parliament
Kuwadzana,Constituency,Lucia Matibenga,Parliament,Governmental,Member of Parliament
Kuwadzna East,Constituency,Nelson Chamisa,Parliament,Governmental,Member of Parliament
Mabvuku-Tafara,Constituency,James Maridadi,Parliament,Governmental,Member of Parliament
Mbare,Constituency,Tendai Savanhu,Parliament,Governmental,Member of Parliament
Mt Pleasant,Constituency,Jaison Passade,Parliament,Governmental,Member of Parliament
Mufakose,Constituency,Paurina Mpariwa,Parliament,Governmental,Member of Parliament
Southerton,Constituency,Gift Chimanikire,Parliament,Governmental,Member of Parliament
St Mary's,Constituency,Unganai Tarusenga,Parliament,Governmental,Member of Parliament
Sunningdale,Constituency,Margaret Matienga,Parliament,Governmental,Member of Parliament
Warren Park,Constituency,Elias Mudzuri,Parliament,Governmental,Member of Parliament
Zengeza East,Constituency,Alexio Musundire,Parliament,Governmental,Member of Parliament
Zengeza West,Constituency,Simon Chidhakwa,Parliament,Governmental,Member of Parliament
Buhera Central,Constituency,Ronald Muderedzwa,Parliament,Governmental,Member of Parliament
Buhera North,Constituency,William Mutomba,Parliament,Governmental,Member of Parliament
Buhera South,Constituency,Joseph Chinotimba,Parliament,Governmental,Member of Parliament
Buhera West,Constituency,Oliver Mandipaka,Parliament,Governmental,Member of Parliament
Chimanimani East,Constituency,Samuel Undenge,Parliament,Governmental,Member of Parliament
Chimanimani West,Constituency,Munacho Mutezo,Parliament,Governmental,Member of Parliament
Chipinge Central,Constituency,Raymore Machingura,Parliament,Governmental,Member of Parliament
Chipinge East,Constituency,Win Busayi Mlambo,Parliament,Governmental,Member of Parliament
Chipinge South,Constituency,Enock Porusingazi,Parliament,Governmental,Member of Parliament
Chipinge West,Constituency,Adam Chimwamurombe,Parliament,Governmental,Member of Parliament
Dangamvura-Chikanga,Constituency,Arnold Tsunga,Parliament,Governmental,Member of Parliament
Headlands,Constituency,Didymua Mutasa,Parliament,Governmental,Member of Parliament
Makoni Central,Constituency,Patrick Chinamasa,Parliament,Governmental,Member of Parliament
Makoni North,Constituency,Francis Muchenje,Parliament,Governmental,Member of Parliament
Makoni South,Constituency,Mandi M. Chimene,Parliament,Governmental,Member of Parliament
Makoni West,Constituency,Kudzanayi Chipanga,Parliament,Governmental,Member of Parliament
Musikavanhu,Constituency,Prosper Mutseyami,Parliament,Governmental,Member of Parliament
Mutare Central,Constituency,Innocent Gonese,Parliament,Governmental,Member of Parliament
Mutare North,Constituency,Batsirayi Pemhenayi,Parliament,Governmental,Member of Parliament
Mutare South,Constituency,Nyasha Chikwinya,Parliament,Governmental,Member of Parliament
Mutare West,Constituency,Christoper Mushohwe,Parliament,Governmental,Member of Parliament
Mutasa Central,Constituency,Trevor Saruwaka,Parliament,Governmental,Member of Parliament
Mutasa North,Constituency,Luke Musamvu,Parliament,Governmental,Member of Parliament
Mutasa South,Constituency,Irene Zindi,Parliament,Governmental,Member of Parliament
Nyanga North,Constituency,Hubert Nyanhongo,Parliament,Governmental,Member of Parliament
Nyanga South,Constituency,Supa C. Mandiwanzira,Parliament,Governmental,Member of Parliament
Bindura North,Constituency,Kenneth S. Musanhi,Parliament,Governmental,Member of Parliament
Bindura South,Constituency,Toendepi Matangira,Parliament,Governmental,Member of Parliament
Guruve North,Constituency,Epmarcus Kanhanga,Parliament,Governmental,Member of Parliament
Guruve South,Constituency,Chriswell Mutematsaka,Parliament,Governmental,Member of Parliament
Mazowe Central,Constituency,Tabetha Kanengoni,Parliament,Governmental,Member of Parliament
Mazowe North,Constituency,Edgar Chidavaenzi,Parliament,Governmental,Member of Parliament
Mazowe South,Constituency,Fortune Chasi,Parliament,Governmental,Member of Parliament
Mazowe West,Constituency,Kazembe Kazembe,Parliament,Governmental,Member of Parliament
Mbire,Constituency,David Butau,Parliament,Governmental,Member of Parliament
Mt Darwin East,Constituency,Christopher Kuruneri,Parliament,Governmental,Member of Parliament
Mt Darwin North,Constituency,Noveti Muponora,Parliament,Governmental,Member of Parliament
Mt Darwin South,Constituency,Saviour Kasukuwere,Parliament,Governmental,Member of Parliament
Mt Darwin West,Constituency,Joice Mujuru,Parliament,Governmental,Member of Parliament
Muzarabani North,Constituency,Alfred Mufunga,Parliament,Governmental,Member of Parliament
Muzarabani south,Constituency,Christopher Chitindi,Parliament,Governmental,Member of Parliament
Rushinga,Constituency,Wonder Mashange,Parliament,Governmental,Member of Parliament
Shamva North,Constituency,Nicholas Goche,Parliament,Governmental,Member of Parliament
Shamva South,Constituency,Joseph Mapiki,Parliament,Governmental,Member of Parliament
Chikomba Central,Constituency,Felix Mhona,Parliament,Governmental,Member of Parliament
Chikomba East,Constituency,Edgar Mbwembwe,Parliament,Governmental,Member of Parliament
Chikomba West,Constituency,Michael Bimha,Parliament,Governmental,Member of Parliament
Goromonzi North,Constituency,Tendayi P. Zhanda,Parliament,Governmental,Member of Parliament
Goromonzi South,Constituency,Petronella Kadonye,Parliament,Governmental,Member of Parliament
Goromonzi West,Constituency,Biata B. Nyamupinga,Parliament,Governmental,Member of Parliament
Maramba Pfungwe,Constituency,Washington Masvaire,Parliament,Governmental,Member of Parliament
Marondera Central,Constituency,Ray Kaukonde,Parliament,Governmental,Member of Parliament
Marondera West,Constituency,Ambrose Mutinhiri,Parliament,Governmental,Member of Parliament
Mudzi North,Constituency,Newten Kachepa,Parliament,Governmental,Member of Parliament
Mudzi South,Constituency,Jonathan Samukange,Parliament,Governmental,Member of Parliament
Mudzi West,Constituency,Aqualina Katsande,Parliament,Governmental,Member of Parliament
Murehwa North,Constituency,Tendayi Makunde,Parliament,Governmental,Member of Parliament
Murehwa South,Constituency,Biggie J. Matiza,Parliament,Governmental,Member of Parliament
Murehwa West,Constituency,Ladislus Ndoro,Parliament,Governmental,Member of Parliament
Mutoko East,Constituency,Mubvumbi Mawere,Parliament,Governmental,Member of Parliament
Mutoko North,Constituency,Mable M. Chinomona,Parliament,Governmental,Member of Parliament
Mutoko South,Constituency,david Chapfika,Parliament,Governmental,Member of Parliament
Seke,Constituency,Phineas Chiota,Parliament,Governmental,Member of Parliament
Uzumba,Constituency,Simbaneuta Mudarikwa,Parliament,Governmental,Member of Parliament
Wedza North,Constituency,Simon Musanhu,Parliament,Governmental,Member of Parliament
Weda South,Constituency,Micheal Madanha,Parliament,Governmental,Member of Parliament
Chakari,Constituency,Aldrin Musiiwa,Parliament,Governmental,Member of Parliament
Chegutu East,Constituency,Webster Shamu,Parliament,Governmental,Member of Parliament
Chegutu West,Constituency,Dextor T. Nduna,Parliament,Governmental,Member of Parliament
Chinhoyi,Constituency,Peter Mataruse,Parliament,Governmental,Member of Parliament
Hurungwe Central,Constituency,Godfrey Beremauro,Parliament,Governmental,Member of Parliament
Hurungwe East,Constituency,Sarah Mahoka,Parliament,Governmental,Member of Parliament
Hurungwe North,Constituency,Reuben Marumahoko,Parliament,Governmental,Member of Parliament
Hurungwe West,Constituency,Temba Mliswa,Parliament,Governmental,Member of Parliament
Kadoma Central,Constituency,Fani Phanuel Phiri,Parliament,Governmental,Member of Parliament
Kariba,Constituency,Isaac Mackenzie,Parliament,Governmental,Member of Parliament
Magunje,Constituency,Godfrey Gandawa,Parliament,Governmental,Member of Parliament
Makonde,Constituency,Kindness Paradza,Parliament,Governmental,Member of Parliament
Mhangura,Constituency,Thomas Maseko,Parliament,Governmental,Member of Parliament
Mhondoro-Mubaira,Constituency,Sylvester Nguni,Parliament,Governmental,Member of Parliament
Mhondoro-Ngezi,Constituency,Mike Gava,Parliament,Governmental,Member of Parliament
Muzvezve,Constituency,Pater Haritotos,Parliament,Governmental,Member of Parliament
Norton,Constituency,Christopher Mutsvangwa,Parliament,Governmental,Member of Parliament
Sanyati,Constituency,Blessed Runesu,Parliament,Governmental,Member of Parliament
Zvimba East,Constituency,Francis Mukwangwariwa,Parliament,Governmental,Member of Parliament
Zvimba North,Constituency,Ignatius Chombo,Parliament,Governmental,Member of Parliament
Zvimba South,Constituency,Walter Chidhakwa,Parliament,Governmental,Member of Parliament
Zvimba West,Constituency,Ziyambi Ziyambi,Parliament,Governmental,Member of Parliament
Bikita East,Constituency,Kennedy Matimba,Parliament,Governmental,Member of Parliament
Bikita South,Constituency,Jeppy Jaboon,Parliament,Governmental,Member of Parliament
Bikita West,Constituency,Munyaradzi Kereke,Parliament,Governmental,Member of Parliament
Chiredzi East,Constituency,Denford Masiya,Parliament,Governmental,Member of Parliament
Chiredzi North,Constituency,Robert Mukwena,Parliament,Governmental,Member of Parliament
Chiredzi South,Constituency,Kalitso Gwanetsa,Parliament,Governmental,Member of Parliament
Chivi Central,Constituency,Ephraim Gwanonodza,Parliament,Governmental,Member of Parliament
Chivi North,Constituency,Mathias Tongofa,Parliament,Governmental,Member of Parliament
Chivi South,Constituency,Mafios Vutete,Parliament,Governmental,Member of Parliament
Gutu Central,Constituency,Lovemore Matuke,Parliament,Governmental,Member of Parliament
Gutu East,Constituency,Berta Chikwama,Parliament,Governmental,Member of Parliament
Gutu South,Constituency,Paul Chimedza,Parliament,Governmental,Member of Parliament
Gutu West,Constituency,Tongai Muzenda,Parliament,Governmental,Member of Parliament
Masvingo Central,Constituency,Edmond Mhere,Parliament,Governmental,Member of Parliament
Masvingo North,Constituency,Davis Murapira,Parliament,Governmental,Member of Parliament
Masvingo South,Constituency,Walter Mzembi,Parliament,Governmental,Member of Parliament
Masvingo Urban,Constituency,Daniel Shumba,Parliament,Governmental,Member of Parliament
Masvingo West,Constituency,Ezira Ruvai,Parliament,Governmental,Member of Parliament
Mwenezi East,Constituency,Chuma K. Bhasikiti,Parliament,Governmental,Member of Parliament
Mwenezi West,Constituency,Lamson Moyo,Parliament,Governmental,Member of Parliament
Zaka Central,Constituency,Paradzai Chakona,Parliament,Governmental,Member of Parliament
Zaka East,Constituency,Samson T. Mukanduri,Parliament,Governmental,Member of Parliament
Zaka North,Constituency,Robson Mavenyengwa,Parliament,Governmental,Member of Parliament
Zaka West,Constituency,Mapetere D. V. Mawere,Parliament,Governmental,Member of Parliament
Chirumanzu-Zibagwe,Constituency,Emmerson Mnangagwa,Parliament,Governmental,Member of Parliament
Chirumanzu,Constituency,Innocent Pedzisai,Parliament,Governmental,Member of Parliament
Chiwundura,Constituency,Kizito Chivambe,Parliament,Governmental,Member of Parliament
Gokwe-Chireya,Constituency,Cephas Sindi,Parliament,Governmental,Member of Parliament
Gokwe-Nembudziya,Constituency,Justice Mayor Wdyajena,Parliament,Governmental,Member of Parliament
Gokwe-Sengwe,Constituency,Paul Mavima,Parliament,Governmental,Member of Parliament
Gokwe-Sesame,Constituency,Jeffrey Runzirwai,Parliament,Governmental,Member of Parliament
Gokwe,Constituency,Dorothy Mangami,Parliament,Governmental,Member of Parliament
Gokwe-Gumunyu,Constituency,Melenia Mahiya,Parliament,Governmental,Member of Parliament
Gokwe-Kabuyuni,Constituency,Leonard Chikomba,Parliament,Governmental,Member of Parliament
Gokwe-Kana,Constituency,Owen Ncube,Parliament,Governmental,Member of Parliament
Gokwe-Mapfungautsi,Constituency,Miriam Makweya,Parliament,Governmental,Member of Parliament
Gweru Urban,Constituency,Sesel Zvidzai,Parliament,Governmental,Member of Parliament
Kwekwe Central,Constituency,Masango Matambanadzo,Parliament,Governmental,Member of Parliament
Mberengwa East,Constituency,Makhosini Hlongwane,Parliament,Governmental,Member of Parliament
Mberengwa South,Constituency,Chiratidzo Mabuwa,Parliament,Governmental,Member of Parliament
Mberengwa West,Constituency,Joram Gumbo,Parliament,Governmental,Member of Parliament
Mbizo,Constituency,Settlement Chikwinya,Parliament,Governmental,Member of Parliament
Mkoba,Constituency,Amos Chibaya,Parliament,Governmental,Member of Parliament
Redcliff,Constituency,Harris Ncube,Parliament,Governmental,Member of Parliament
Shurugwi North,Constituency,Chenayimoyo D. F. Nhema,Parliament,Governmental,Member of Parliament
Shurugwi South,Constituency,Tapiwanashe Matangaidze,Parliament,Governmental,Member of Parliament
Silobela,Constituency,Mtokozisi M. Mpofu,Parliament,Governmental,Member of Parliament
Vungu,Constituency,Josephat Madubeko,Parliament,Governmental,Member of Parliament
Zhombe,Constituency,Daniel M. Ncube,Parliament,Governmental,Member of Parliament
Zvishavane-Ngezi,Constituency,John Holder,Parliament,Governmental,Member of Parliament
Zvishavane-Runde,Constituency,Fred Moyo,Parliament,Governmental,Member of Parliament
Binga North,Constituency,Dubeko Sibanda,Parliament,Governmental,Member of Parliament
Binga South,Constituency,Joel G. Gabbuza,Parliament,Governmental,Member of Parliament
Bubi,Constituency,Clifford Sibanda,Parliament,Governmental,Member of Parliament
Hwange Central,Constituency,Brian Tshuma,Parliament,Governmental,Member of Parliament
Hwange East,Constituency,Tose Wesley Sansole,Parliament,Governmental,Member of Parliament
Hwange West,Constituency,Bekithemba Mpofu,Parliament,Governmental,Member of Parliament
Lupane East,Constituency,Sithemba Gumbo,Parliament,Governmental,Member of Parliament
Lupane West,Constituency,Martin Khumalo,Parliament,Governmental,Member of Parliament
Nkayi North,Constituency,Sithembiso Nyoni,Parliament,Governmental,Member of Parliament
Nkayi South,Constituency,Abednico Bhebhe,Parliament,Governmental,Member of Parliament
Tsholotsho North,Constituency,Roselene Nkomo,Parliament,Governmental,Member of Parliament
Tsholotsho South,Constituency,Zenzo Sibanda,Parliament,Governmental,Member of Parliament
Umguza,Constituency,Obert Mpofu,Parliament,Governmental,Member of Parliament
Beitbridge East,Constituency,Kembo Mohadi,Parliament,Governmental,Member of Parliament
Beitbridge West,Constituency,Metrine Mdau,Parliament,Governmental,Member of Parliament
Bulilima East,Constituency,Mathias S. Ndlovu,Parliament,Governmental,Member of Parliament
Bulilima West,Constituency,Lungisati Nleya,Parliament,Governmental,Member of Parliament
Gwanda Central,Constituency,Edson Gumbo,Parliament,Governmental,Member of Parliament
Gwanda North,Constituency,Madodana Sibanda,Parliament,Governmental,Member of Parliament
Gwanda South,Constituency,Abednico Ncube,Parliament,Governmental,Member of Parliament
Insizo North,Constituency,Andrew Langa,Parliament,Governmental,Member of Parliament
Insiza South,Constituency,Malach Nkomo,Parliament,Governmental,Member of Parliament
Mangwe,Constituency,Obedingwa Mguni,Parliament,Governmental,Member of Parliament
Matobo North,Constituency,Never Khanye,Parliament,Governmental,Member of Parliament
Matobo South,Constituency,Soul Ncube,Parliament,Governmental,Member of Parliament
Umzingwane,Constituency,Wiiliam M. Dhewa,Parliament,Governmental,Member of Parliament
,,Dorcas Sibanda,MDC-T,Political Party,Party Member
,,Thabitha Khumalo,MDC-T,Political Party,Party Member
,,Edward G. Cross,MDC-T,Political Party,Party Member
,,Dingilizwe Tshuma,MDC-T,Political Party,Party Member
,,Samuel Sipepa,MDC-T,Political Party,Party Member
,,Reggie Moyo,MDC-T,Political Party,Party Member
,,Anele Ndebele,MDC-T,Political Party,Party Member
,,Gorden Moyo,MDC-T,Political Party,Party Member
,,Phelele Masuku,MDC-T,Political Party,Party Member
,,Tamsanqa Mahlangu,MDC-T,Political Party,Party Member
,,Bekithemba Nyathi,MDC-T,Political Party,Party Member
,,Albert Mhlanga,MDC-T,Political Party,Party Member
,,Costa Machingauta,MDC-T,Political Party,Party Member
,,Godfrey Sithole,MDC-T,Political Party,Party Member
,,Christopher Chigumba,ZANU PF,Political Party,Party Member
,,Solomon Madzore,MDC-T,Political Party,Party Member
,,Amos Midzi,ZANU PF,Political Party,Party Member
,,Webster Maondera,MDC-T,Political Party,Party Member
,,Fani Munengani,MDC-T,Political Party,Party Member
,,Paul Madzore,MDC-T,Political Party,Party Member
,,Murisi Zwizwai,MDC-T,Political Party,Party Member
,,Tendai Biti,MDC-T,Political Party,Party Member
,,Tongesai Mudambo,ZANU PF,Political Party,Party Member
,,Shadreck Mashayamombe,ZANU PF,Political Party,Party Member
,,Fungai J Majome,MDC-T,Political Party,Party Member
,,Tapiwa Mashakada,MDC-T,Political Party,Party Member
,,Erick Murai,MDC-T,Political Party,Party Member
,,Moses Manyengawana,MDC-T,Political Party,Party Member
,,Willias Madzimure,MDC-T,Political Party,Party Member
,,Lucia Matibenga,MDC-T,Political Party,Party Member
,,Nelson Chamisa,MDC-T,Political Party,Party Member
,,James Maridadi,MDC-T,Political Party,Party Member
,,Tendai Savanhu,ZANU PF,Political Party,Party Member
,,Jaison Passade,ZANU PF,Political Party,Party Member
,,Paurina Mpariwa,MDC-T,Political Party,Party Member
,,Gift Chimanikire,MDC-T,Political Party,Party Member
,,Unganai Tarusenga,MDC-T,Political Party,Party Member
,,Margaret Matienga,MDC-T,Political Party,Party Member
,,Elias Mudzuri,MDC-T,Political Party,Party Member
,,Alexio Musundire,MDC-T,Political Party,Party Member
,,Simon Chidhakwa,MDC-T,Political Party,Party Member
,,Ronald Muderedzwa,ZANU PF,Political Party,Party Member
,,William Mutomba,ZANU PF,Political Party,Party Member
,,Joseph Chinotimba,ZANU PF,Political Party,Party Member
,,Oliver Mandipaka,ZANU PF,Political Party,Party Member
,,Samuel Undenge,ZANU PF,Political Party,Party Member
,,Munacho Mutezo,ZANU PF,Political Party,Party Member
,,Raymore Machingura,ZANU PF,Political Party,Party Member
,,Win Busayi Mlambo,ZANU PF,Political Party,Party Member
,,Enock Porusingazi,ZANU PF,Political Party,Party Member
,,Adam Chimwamurombe,ZANU PF,Political Party,Party Member
,,Arnold Tsunga,MDC-T,Political Party,Party Member
,,Didymua Mutasa,ZANU PF,Political Party,Party Member
,,Patrick Chinamasa,ZANU PF,Political Party,Party Member
,,Francis Muchenje,ZANU PF,Political Party,Party Member
,,Mandi M. Chimene,ZANU PF,Political Party,Party Member
,,Kudzanayi Chipanga,ZANU PF,Political Party,Party Member
,,Prosper Mutseyami,MDC-T,Political Party,Party Member
,,Innocent Gonese,MDC-T,Political Party,Party Member
,,Batsirayi Pemhenayi,ZANU PF,Political Party,Party Member
,,Nyasha Chikwinya,ZANU PF,Political Party,Party Member
,,Christoper Mushohwe,ZANU PF,Political Party,Party Member
,,Trevor Saruwaka,MDC-T,Political Party,Party Member
,,Luke Musamvu,ZANU PF,Political Party,Party Member
,,Irene Zindi,ZANU PF,Political Party,Party Member
,,Hubert Nyanhongo,ZANU PF,Political Party,Party Member
,,Supa C. Mandiwanzira,ZANU PF,Political Party,Party Member
,,Kenneth S. Musanhi,ZANU PF,Political Party,Party Member
,,Toendepi Matangira,ZANU PF,Political Party,Party Member
,,Epmarcus Kanhanga,ZANU PF,Political Party,Party Member
,,Chriswell Mutematsaka,ZANU PF,Political Party,Party Member
,,Tabetha Kanengoni,ZANU PF,Political Party,Party Member
,,Edgar Chidavaenzi,ZANU PF,Political Party,Party Member
,,Fortune Chasi,ZANU PF,Political Party,Party Member
,,Kazembe Kazembe,ZANU PF,Political Party,Party Member
,,David Butau,ZANU PF,Political Party,Party Member
,,Christopher Kuruneri,ZANU PF,Political Party,Party Member
,,Noveti Muponora,ZANU PF,Political Party,Party Member
,,Saviour Kasukuwere,ZANU PF,Political Party,Party Member
,,Joice Mujuru,ZANU PF,Political Party,Party Member
,,Alfred Mufunga,ZANU PF,Political Party,Party Member
,,Christopher Chitindi,ZANU PF,Political Party,Party Member
,,Wonder Mashange,ZANU PF,Political Party,Party Member
,,Nicholas Goche,ZANU PF,Political Party,Party Member
,,Joseph Mapiki,ZANU PF,Political Party,Party Member
,,Felix Mhona,ZANU PF,Political Party,Party Member
,,Edgar Mbwembwe,ZANU PF,Political Party,Party Member
,,Michael Bimha,ZANU PF,Political Party,Party Member
,,Tendayi P. Zhanda,ZANU PF,Political Party,Party Member
,,Petronella Kadonye,ZANU PF,Political Party,Party Member
,,Biata B. Nyamupinga,ZANU PF,Political Party,Party Member
,,Washington Masvaire,ZANU PF,Political Party,Party Member
,,Ray Kaukonde,ZANU PF,Political Party,Party Member
,,Ambrose Mutinhiri,ZANU PF,Political Party,Party Member
,,Newten Kachepa,ZANU PF,Political Party,Party Member
,,Jonathan Samukange,INDEPENDENT,Political Party,Party Member
,,Aqualina Katsande,ZANU PF,Political Party,Party Member
,,Tendayi Makunde,ZANU PF,Political Party,Party Member
,,Biggie J. Matiza,ZANU PF,Political Party,Party Member
,,Ladislus Ndoro,ZANU PF,Political Party,Party Member
,,Mubvumbi Mawere,ZANU PF,Political Party,Party Member
,,Mable M. Chinomona,ZANU PF,Political Party,Party Member
,,david Chapfika,ZANU PF,Political Party,Party Member
,,Phineas Chiota,ZANU PF,Political Party,Party Member
,,Simbaneuta Mudarikwa,ZANU PF,Political Party,Party Member
,,Simon Musanhu,ZANU PF,Political Party,Party Member
,,Micheal Madanha,ZANU PF,Political Party,Party Member
,,Aldrin Musiiwa,ZANU PF,Political Party,Party Member
,,Webster Shamu,ZANU PF,Political Party,Party Member
,,Dextor T. Nduna,ZANU PF,Political Party,Party Member
,,Peter Mataruse,ZANU PF,Political Party,Party Member
,,Godfrey Beremauro,ZANU PF,Political Party,Party Member
,,Sarah Mahoka,ZANU PF,Political Party,Party Member
,,Reuben Marumahoko,ZANU PF,Political Party,Party Member
,,Temba Mliswa,ZANU PF,Political Party,Party Member
,,Fani Phanuel Phiri,ZANU PF,Political Party,Party Member
,,Isaac Mackenzie,ZANU PF,Political Party,Party Member
,,Godfrey Gandawa,ZANU PF,Political Party,Party Member
,,Kindness Paradza,ZANU PF,Political Party,Party Member
,,Thomas Maseko,ZANU PF,Political Party,Party Member
,,Sylvester Nguni,ZANU PF,Political Party,Party Member
,,Mike Gava,ZANU PF,Political Party,Party Member
,,Pater Haritotos,ZANU PF,Political Party,Party Member
,,Christopher Mutsvangwa,ZANU PF,Political Party,Party Member
,,Blessed Runesu,ZANU PF,Political Party,Party Member
,,Francis Mukwangwariwa,ZANU PF,Political Party,Party Member
,,Ignatius Chombo,ZANU PF,Political Party,Party Member
,,Walter Chidhakwa,ZANU PF,Political Party,Party Member
,,Ziyambi Ziyambi,ZANU PF,Political Party,Party Member
,,Kennedy Matimba,ZANU PF,Political Party,Party Member
,,Jeppy Jaboon,ZANU PF,Political Party,Party Member
,,Munyaradzi Kereke,ZANU PF,Political Party,Party Member
,,Denford Masiya,ZANU PF,Political Party,Party Member
,,Robert Mukwena,ZANU PF,Political Party,Party Member
,,Kalitso Gwanetsa,ZANU PF,Political Party,Party Member
,,Ephraim Gwanonodza,ZANU PF,Political Party,Party Member
,,Mathias Tongofa,ZANU PF,Political Party,Party Member
,,Mafios Vutete,ZANU PF,Political Party,Party Member
,,Lovemore Matuke,ZANU PF,Political Party,Party Member
,,Berta Chikwama,ZANU PF,Political Party,Party Member
,,Paul Chimedza,ZANU PF,Political Party,Party Member
,,Tongai Muzenda,ZANU PF,Political Party,Party Member
,,Edmond Mhere,ZANU PF,Political Party,Party Member
,,Davis Murapira,ZANU PF,Political Party,Party Member
,,Walter Mzembi,ZANU PF,Political Party,Party Member
,,Daniel Shumba,ZANU PF,Political Party,Party Member
,,Ezira Ruvai,ZANU PF,Political Party,Party Member
,,Chuma K. Bhasikiti,ZANU PF,Political Party,Party Member
,,Lamson Moyo,ZANU PF,Political Party,Party Member
,,Paradzai Chakona,ZANU PF,Political Party,Party Member
,,Samson T. Mukanduri,ZANU PF,Political Party,Party Member
,,Robson Mavenyengwa,ZANU PF,Political Party,Party Member
,,Mapetere D. V. Mawere,ZANU PF,Political Party,Party Member
,,Emmerson Mnangagwa,ZANU PF,Political Party,Party Member
,,Innocent Pedzisai,ZANU PF,Political Party,Party Member
,,Kizito Chivambe,ZANU PF,Political Party,Party Member
,,Cephas Sindi,ZANU PF,Political Party,Party Member
,,Justice Mayor Wdyajena,ZANU PF,Political Party,Party Member
,,Paul Mavima,ZANU PF,Political Party,Party Member
,,Jeffrey Runzirwai,ZANU PF,Political Party,Party Member
,,Dorothy Mangami,ZANU PF,Political Party,Party Member
,,Melenia Mahiya,ZANU PF,Political Party,Party Member
,,Leonard Chikomba,ZANU PF,Political Party,Party Member
,,Owen Ncube,ZANU PF,Political Party,Party Member
,,Miriam Makweya,ZANU PF,Political Party,Party Member
,,Sesel Zvidzai,ZANU PF,Political Party,Party Member
,,Masango Matambanadzo,ZANU PF,Political Party,Party Member
,,Makhosini Hlongwane,ZANU PF,Political Party,Party Member
,,Chiratidzo Mabuwa,ZANU PF,Political Party,Party Member
,,Joram Gumbo,ZANU PF,Political Party,Party Member
,,Settlement Chikwinya,MDC-T,Political Party,Party Member
,,Amos Chibaya,MDC-T,Political Party,Party Member
,,Harris Ncube,ZANU PF,Political Party,Party Member
,,Chenayimoyo D. F. Nhema,ZANU PF,Political Party,Party Member
,,Tapiwanashe Matangaidze,ZANU PF,Political Party,Party Member
,,Mtokozisi M. Mpofu,ZANU PF,Political Party,Party Member
,,Josephat Madubeko,ZANU PF,Political Party,Party Member
,,Daniel M. Ncube,ZANU PF,Political Party,Party Member
,,John Holder,ZANU PF,Political Party,Party Member
,,Fred Moyo,ZANU PF,Political Party,Party Member
,,Dubeko Sibanda,MDC-T,Political Party,Party Member
,,Joel G. Gabbuza,ZANU PF,Political Party,Party Member
,,Clifford Sibanda,ZANU PF,Political Party,Party Member
,,Brian Tshuma,MDC-T,Political Party,Party Member
,,Tose Wesley Sansole,MDC-T,Political Party,Party Member
,,Bekithemba Mpofu,ZANU PF,Political Party,Party Member
,,Sithemba Gumbo,ZANU PF,Political Party,Party Member
,,Martin Khumalo,ZANU PF,Political Party,Party Member
,,Sithembiso Nyoni,ZANU PF,Political Party,Party Member
,,Abednico Bhebhe,MDC-T,Political Party,Party Member
,,Roselene Nkomo,MDC-T,Political Party,Party Member
,,Zenzo Sibanda,ZANU PF,Political Party,Party Member
,,Obert Mpofu,ZANU PF,Political Party,Party Member
,,Kembo Mohadi,ZANU PF,Political Party,Party Member
,,Metrine Mdau,ZANU PF,Political Party,Party Member
,,Mathias S. Ndlovu,ZANU PF,Political Party,Party Member
,,Lungisati Nleya,ZANU PF,Political Party,Party Member
,,Edson Gumbo,ZANU PF,Political Party,Party Member
,,Madodana Sibanda,ZANU PF,Political Party,Party Member
,,Abednico Ncube,ZANU PF,Political Party,Party Member
,,Andrew Langa,ZANU PF,Political Party,Party Member
,,Malach Nkomo,ZANU PF,Political Party,Party Member
,,Obedingwa Mguni,ZANU PF,Political Party,Party Member
,,Never Khanye,ZANU PF,Political Party,Party Member
,,Soul Ncube,ZANU PF,Political Party,Party Member
,,Wiiliam M. Dhewa,ZANU PF,Political Party,Party Member