STATE NAME,STATE NUMBER,STATE CODE,LGA CODE,LGA NAME,PU PREFIX,SENATORIAL DISTRICT,FEDERAL CONSTITUENCY
ABIA,1,AB,1,Aba north,01/01/,Abia South,Aba North/South
ABIA,1,AB,2,Aba south,01/02/,Abia South,Aba North/South
ABIA,1,AB,3,Arochukwu,01/03/,Abia North,Arochukwu/Ohafia
ABIA,1,AB,4,Bende,01/04/,Abia North,Bende
ABIA,1,AB,5,Ikwuano,01/05/,Abia Central,Ikwuano/Umuahia North/South
ABIA,1,AB,6,Isiala ngwa north,01/06/,Abia Central,Isiala Ngwa North/South
ABIA,1,AB,7,Isiala Ngwa South,01/07/,Abia Central,Isiala Ngwa North/South
ABIA,1,AB,8,Isiukwuato,01/08/,Abia North,Isuikwato/Umunneochi
ABIA,1,AB,9,obingwa,01/09/,Abia South,Obingwa/Osisioma/Ugwunagbo
ABIA,1,AB,10,ohafia,01/10/,Abia North,Arochukwu/Ohafia
ABIA,1,AB,11,Osisioma,01/11/,Abia Central,Obingwa/Osisioma/Ugwunagbo
ABIA,1,AB,12,Ugwunagbo,01/12/,Abia South,Obingwa/Osisioma/Ugwunagbo
ABIA,1,AB,13,Ukwa east,01/13/,Abia South,Ukwa East/Ukwa West
ABIA,1,AB,14,Ukwa West,01/14/,Abia South,Ukwa East/Ukwa West
ABIA,1,AB,15,Umuahia North,01/15/,Abia Central,Ikwuano/Umuahia North/South
ABIA,1,AB,16,Umuahia South,01/16/,Abia Central,Ikwuano/Umuahia North/South
ABIA,1,AB,17,umunneochi,01/17/,Abia North,Isuikwato/Umunneochi
ADAMAWA,2,AD,1,DEMSA,02/01/,Adamawa South,Demsa/Numan/Lamurde
ADAMAWA,2,AD,2,FUFORE/GURIN,02/02/,Adamawa Central,Furore/Song
ADAMAWA,2,AD,3,GANYE,02/03/,Adamawa South,Ganye/Mayo Belwa/Toungo/JADA
ADAMAWA,2,AD,4,GIREI,02/04/,Adamawa Central,Yola North/Yola South/Girei
ADAMAWA,2,AD,5,GOMBI,02/05/,Adamawa Central,Hong/Gombi
ADAMAWA,2,AD,6,GUYUK,02/06/,Adamawa South,Guyuk/Shelleng
ADAMAWA,2,AD,7,HONG,02/07/,Adamawa Central,Hong/Gombi
ADAMAWA,2,AD,8,JADA,02/08/,Adamawa South,Ganye/Mayo Belwa/Toungo/JADA
ADAMAWA,2,AD,9,LAMURDE,02/09/,Adamawa South,Demsa/Numan/Lamurde
ADAMAWA,2,AD,10,MADGALI,02/10/,Adamawa North,Michika/Madagali
ADAMAWA,2,AD,11,MAIHA,02/11/,Adamawa North,Mubi North/Mu South/Maiha
ADAMAWA,2,AD,12,MAYO-BELWA,02/12/,Adamawa South,Ganye/Mayo Belwa/Toungo/JADA
ADAMAWA,2,AD,13,MICHIKA,02/13/,Adamawa North,Michika/Madagali
ADAMAWA,2,AD,14,MUBI NORTH,02/14/,Adamawa North,Mubi North/Mu South/Maiha
ADAMAWA,2,AD,15,MUBI SOUTH,02/15/,Adamawa North,Mubi North/Mu South/Maiha
ADAMAWA,2,AD,16,NUMAN,02/16/,Adamawa South,Demsa/Numan/Lamurde
ADAMAWA,2,AD,17,SHELLENG,02/17/,Adamawa South,Guyuk/Shelleng
ADAMAWA,2,AD,18,SONG,02/18/,Adamawa Central,Furore/Song
ADAMAWA,2,AD,19,TOUNGO,02/19/,Adamawa South,Ganye/Mayo Belwa/Toungo/JADA
ADAMAWA,2,AD,20,YOLA NORTH,02/20/,Adamawa Central,Yola North/Yola South/Girei
ADAMAWA,2,AD,21,YOLA SOUTH,02/21/,Adamawa Central,Yola North/Yola South/Girei
AKWA IBOM,3,AK,1,ABAK,03/01/,Akwa Ibom North-West,Abak/ETIM EKPO/IKA
AKWA IBOM,3,AK,2,EASTERN OBOLO,03/02/,Akwa Ibom South,Ikot Abasi/MKPAT ENIN/EASTERN OBOLO
AKWA IBOM,3,AK,3,EKET,03/03/,Akwa Ibom South,Eket/Onna/Esit/eket/ibeno
AKWA IBOM,3,AK,4,ESIT EKET,03/04/,Akwa Ibom South,Eket/Onna/Esit/eket/ibeno
AKWA IBOM,3,AK,5,ESSIEN UDIM,03/05/,Akwa Ibom North-West,Ikot Ekpene/ Essien Udim/ Obot Akara
AKWA IBOM,3,AK,6,ETIM EKPO,03/06/,Akwa Ibom North-West,Abak/ETIM EKPO/IKA
AKWA IBOM,3,AK,7,ETINAN,03/07/,Akwa Ibom North-East,Etinan/ nsit/nsit Ubium
AKWA IBOM,3,AK,8,IBENO,03/08/,Akwa Ibom South,Eket/Onna/Esit/eket/ibeno
AKWA IBOM,3,AK,9,IBESIKPO ASUTAN,03/09/,Akwa Ibom North-East,Uyo/Uruan/Nsit Ata/Ibeskip Asutan
AKWA IBOM,3,AK,10,IBIONO IBOM,03/10/,Akwa Ibom North-East,Itu/Ibiono Ibom
AKWA IBOM,3,AK,11,Ika,03/11/,Akwa Ibom North-West,Abak/ETIM EKPO/IKA
AKWA IBOM,3,AK,12,Ikono,03/12/,Akwa Ibom North-West,Ikono/ Ini
AKWA IBOM,3,AK,13,IKOT ABASI,03/13/,Akwa Ibom South,Ikot Abasi/MKPAT ENIN/EASTERN OBOLO
AKWA IBOM,3,AK,14,Ikot Ekpene,03/14/,Akwa Ibom North-West,Ikot Ekpene/ Essien Udim/ Obot Akara
AKWA IBOM,3,AK,15,Ini,03/15/,Akwa Ibom North-West,Ikono/ Ini
AKWA IBOM,3,AK,16,ITU,03/16/,Akwa Ibom North-East,Itu/Ibiono Ibom
AKWA IBOM,3,AK,17,MBO,03/17/,Akwa Ibom South,Oron/Mbo/Okobo/UrueOffong/Oruko/Udung-Uko
AKWA IBOM,3,AK,18,MKPAT ENIN,03/18/,Akwa Ibom South,Ikot Abasi/MKPAT ENIN/EASTERN OBOLO
AKWA IBOM,3,AK,19,NSIT ATAI,03/19/,Akwa Ibom North-East,Uyo/Uruan/Nsit Ata/Ibeskip Asutan
AKWA IBOM,3,AK,20,NSIT IBOM,03/20/,Akwa Ibom North-East,Etinan/ nsit/nsit Ubium
AKWA IBOM,3,AK,21,NSIT UBIUM,03/21/,Akwa Ibom North-East,Etinan/ nsit/nsit Ubium
AKWA IBOM,3,AK,22,Obot Akara,03/22/,Akwa Ibom North-West,Ikot Ekpene/ Essien Udim/ Obot Akara
AKWA IBOM,3,AK,23,OKOBO,03/23/,Akwa Ibom South,Oron/Mbo/Okobo/UrueOffong/Oruko/Udung-Uko
AKWA IBOM,3,AK,24,ONNA,03/24/,Akwa Ibom South,Eket/Onna/Esit/eket/ibeno
AKWA IBOM,3,AK,25,ORON,03/25/,Akwa Ibom South,Oron/Mbo/Okobo/UrueOffong/Oruko/Udung-Uko
AKWA IBOM,3,AK,26,ORUK ANAM,03/26/,Akwa Ibom North-West,Ukanafun/Oruk anam
AKWA IBOM,3,AK,27,UDUNG UKO,03/27/,Akwa Ibom South,Oron/Mbo/Okobo/UrueOffong/Oruko/Udung-Uko
AKWA IBOM,3,AK,28,UKANAFUN,03/28/,Akwa Ibom North-West,Ukanafun/Oruk anam
AKWA IBOM,3,AK,29,URUAN,03/29/,Akwa Ibom North-East,Uyo/Uruan/Nsit Ata/Ibeskip Asutan
AKWA IBOM,3,AK,30,URUE-OFFONG/ORUKO,03/30/,Akwa Ibom South,Oron/Mbo/Okobo/UrueOffong/Oruko/Udung-Uko
AKWA IBOM,3,AK,31,UYO,03/31/,Akwa Ibom North-East,Uyo/Uruan/Nsit Ata/Ibeskip Asutan
ANAMBRA,4,AN,1,AGUATA,04/01/,Anambra South,Aguta
ANAMBRA,4,AN,2,AKWA NORTH,04/02/,Anambra Central,Awka North/South
ANAMBRA,4,AN,3,AKWA SOUTH,04/03/,Anambra Central,Awka North/South
ANAMBRA,4,AN,4,ANAMBRA EAST,04/04/,Anambra North,Anambra East/West
ANAMBRA,4,AN,5,ANAMBRA WEST,04/05/,Anambra North,Anambra East/West
ANAMBRA,4,AN,6,ANAOCHA,04/06/,Anambra Central,Anaocha/Njikoka/Dunukofia
ANAMBRA,4,AN,7,AYAMELUM,04/07/,Anambra North,Oyi/Ayamelum
ANAMBRA,4,AN,8,DUNUKOFIA,04/08/,Anambra Central,Anaocha/Njikoka/Dunukofia
ANAMBRA,4,AN,9,EKWISIGO,04/09/,Anambra South,Nnewi North/South/Ekwusigo
ANAMBRA,4,AN,10,IDEMILI NORTH,04/10/,Anambra Central,Idemili North/South
ANAMBRA,4,AN,11,IDEMILI SOUTH,04/11/,Anambra Central,Idemili North/South
ANAMBRA,4,AN,12,IHIALA,04/12/,Anambra South,Ihiala
ANAMBRA,4,AN,13,NJIKOKA,04/13/,Anambra Central,Anaocha/Njikoka/Dunukofia
ANAMBRA,4,AN,14,NNEWI NORTH,04/14/,Anambra South,Nnewi North/South/Ekwusigo
ANAMBRA,4,AN,15,NNEWI SOUTH,04/15/,Anambra South,Nnewi North/South/Ekwusigo
ANAMBRA,4,AN,16,OGBARU,04/16/,Anambra North,Ogbaru
ANAMBRA,4,AN,17,ONITSHA NORTH,04/17/,Anambra North,Onitsha North/South
ANAMBRA,4,AN,18,ONITSHA SOUTH,04/18/,Anambra North,Onitsha North/South
ANAMBRA,4,AN,19,ORUMBA NORTH,04/19/,Anambra South,Orumba North/South
ANAMBRA,4,AN,20,ORUMBA SOUTH,04/20/,Anambra South,Orumba North/South
ANAMBRA,4,AN,21,OYI,04/21/,Anambra North,Oyi/Ayamelum
BAUCHI,5,BA,1,ALKALERI,05/01/,Bauchi South,Alkaleri/Kirfi
BAUCHI,5,BA,2,BAUCHI,05/02/,Bauchi South,Bauchi
BAUCHI,5,BA,3,BOGORO,05/03/,Bauchi South,BOGORO/ DASS/ TAFAWA BALEWA
BAUCHI,5,BA,4,DAMBAN,05/04/,Bauchi Central,Misau/Damban
BAUCHI,5,BA,5,DARAZO,05/05/,Bauchi Central,Darazo/Ganjuwa
BAUCHI,5,BA,6,DASS,05/06/,Bauchi South,BOGORO/ DASS/ TAFAWA BALEWA
BAUCHI,5,BA,7,GAMAWA,05/07/,Bauchi North,Gamawa
BAUCHI,5,BA,8,GANJUWA,05/08/,Bauchi Central,Darazo/Ganjuwa
BAUCHI,5,BA,9,GIADE,05/09/,Bauchi North,Shira/Giade
BAUCHI,5,BA,10,ITAS-GADAU,05/10/,Bauchi North,Jama'are/itas-gadau
BAUCHI,5,BA,11,JAMA'ARE,05/11/,Bauchi North,Jama'are/itas-gadau
BAUCHI,5,BA,12,KATAGUM,05/12/,Bauchi North,Katagum
BAUCHI,5,BA,13,KIRFI,05/13/,Bauchi South,Alkaleri/Kirfi
BAUCHI,5,BA,14,MISAU,05/14/,Bauchi Central,Misau/Damban
BAUCHI,5,BA,15,NINGI,05/15/,Bauchi Central,Ningi/Warji
BAUCHI,5,BA,16,SHIRA,05/16/,Bauchi North,Shira/Giade
BAUCHI,5,BA,17,TAFAWA BALEWA,05/17/,Bauchi South,BOGORO/ DASS/ TAFAWA BALEWA
BAUCHI,5,BA,18,TORO,05/18/,Bauchi South,Toro
BAUCHI,5,BA,19,WARJI,05/19/,Bauchi Central,Ningi/Warji
BAUCHI,5,BA,20,ZAKI,05/20/,Bauchi North,Zaki
BAYELSA,6,BY,1,BRASS,06/01/,Bayelsa East,Brass/Nembe
BAYELSA,6,BY,2,EKEREMOR,06/02/,Bayelsa West,Sagbama/Ekeremor
BAYELSA,6,BY,3,KOLOKUMA/OPOKUMA,06/03/,Bayelsa Central,Yenagoa/Kolokuma/Opokuma
BAYELSA,6,BY,4,NEMBE,06/04/,Bayelsa East,Brass/Nembe
BAYELSA,6,BY,5,OGBIA,06/05/,Bayelsa East,Ogbia
BAYELSA,6,BY,6,SAGBAMA,06/06/,Bayelsa West,Sagbama/Ekeremor
BAYELSA,6,BY,7,SOUTHERN IJAW,06/07/,Bayelsa Central,Southern Ijaw
BAYELSA,6,BY,8,YENAGOA,06/08/,Bayelsa Central,Yenagoa/Kolokuma/Opokuma
BENUE,7,BE,1,ADO,07/01/,Benue South,Ado/Ogbadigba/Okpokwu
BENUE,7,BE,2,AGATU,07/02/,Benue South,Apa/Aguta
BENUE,7,BE,3,APA,07/03/,Benue South,Apa/Aguta
BENUE,7,BE,4,BURUKU,07/04/,Benue North-West,Buruku
BENUE,7,BE,5,GBOKO,07/05/,Benue North-West,Gboko/Tarka
BENUE,7,BE,6,GUMA,07/06/,Benue North-West,Makurdi/Guma
BENUE,7,BE,7,GWER-EAST,07/07/,Benue North-West,Gwer-East/Gwer-West
BENUE,7,BE,8,GWER-WEST,07/08/,Benue North-West,Gwer-East/Gwer-West
BENUE,7,BE,9,KATSINA-NLA,07/09/,Benue North-East,Katsina-Ala/Ukum/Logo
BENUE,7,BE,10,KONSHISHA,07/10/,Benue North-East,Vandeikya/Konshisha
BENUE,7,BE,11,KWANDE,07/11/,Benue North-East,Kwande/Ushongo
BENUE,7,BE,12,LOGO,07/12/,Benue North-East,Katsina-Ala/Ukum/Logo
BENUE,7,BE,13,MARKUDI,07/13/,Benue North-West,Makurdi/Guma
BENUE,7,BE,14,OBI,07/14/,Benue South,Oju/Obi
BENUE,7,BE,15,OGBADIBO,07/15/,Benue South,Ado/Ogbadigba/Okpokwu
BENUE,7,BE,16,OHIMINI,07/16/,Benue South,Otukpo/Ohimini
BENUE,7,BE,17,OJU,07/17/,Benue South,Oju/Obi
BENUE,7,BE,18,OKPOKWU,07/18/,Benue South,Ado/Ogbadigba/Okpokwu
BENUE,7,BE,19,OTUKPO,07/19/,Benue South,Otukpo/Ohimini
BENUE,7,BE,20,TARKA,07/20/,Benue North-West,Gboko/Tarka
BENUE,7,BE,21,UKUM,07/21/,Benue North-East,Katsina-Ala/Ukum/Logo
BENUE,7,BE,22,USHONGO,07/22/,Benue North-East,Kwande/Ushongo
BENUE,7,BE,23,VANDEIKYA,07/23/,Benue North-East,Vandeikya/Konshisha
BORNO,8,BO,1,ABADAM,08/01/,Borno North ,Kukawa/Mobbar/Abadam/Guzamala
BORNO,8,BO,2,ASKIRA/UBA,08/02/,Borno South,Askira-Uba/Hawul
BORNO,8,BO,3,BAMA,08/03/,Borno Central,Bama/Ngala/Kala-Balge
BORNO,8,BO,4,BAYO,08/04/,Borno South,Biu/Bayo/Shani/Kwaya Kusar
BORNO,8,BO,5,BIU,08/05/,Borno South,Biu/Bayo/Shani/Kwaya Kusar
BORNO,8,BO,6,CHIBOK,08/06/,Borno South,Damboa/Gwoza/Chibok
BORNO,8,BO,7,DAMBOA,08/07/,Borno South,Damboa/Gwoza/Chibok
BORNO,8,BO,8,DIKWA,08/08/,Borno Central,Dikwa/Mafa/Konduga
BORNO,8,BO,9,GUBIO,08/09/,Borno North ,Kaga/Gubio/Magumeri
BORNO,8,BO,10,GUZAMALA,08/10/,Borno North ,Kukawa/Mobbar/Abadam/Guzamala
BORNO,8,BO,11,GWOZA,08/11/,Borno South,Damboa/Gwoza/Chibok
BORNO,8,BO,12,HAWUL,08/12/,Borno South,Askira-Uba/Hawul
BORNO,8,BO,13,JERE,08/13/,Borno Central,Jere
BORNO,8,BO,14,KAGA,08/14/,Borno North ,Kaga/Gubio/Magumeri
BORNO,8,BO,15,KALA/BALGE,08/15/,Borno Central,Bama/Ngala/Kala-Balge
BORNO,8,BO,16,KONDUGA,08/16/,Borno Central,Dikwa/Mafa/Konduga
BORNO,8,BO,17,KUKAWA,08/17/,Borno North ,Kukawa/Mobbar/Abadam/Guzamala
BORNO,8,BO,18,KWAYA KUSAR,08/18/,Borno South,Biu/Bayo/Shani/Kwaya Kusar
BORNO,8,BO,19,MAFA,08/19/,Borno Central,Dikwa/Mafa/Konduga
BORNO,8,BO,20,MAGUMERI,08/20/,Borno North ,Kaga/Gubio/Magumeri
BORNO,8,BO,21,MAIDUGURI,08/21/,Borno Central,Maiduguri (Metropolitan)
BORNO,8,BO,22,MARTE,08/22/,Borno North ,Monguno/Marte/Nganzai
BORNO,8,BO,23,MOBBAR,08/23/,Borno North ,Kukawa/Mobbar/Abadam/Guzamala
BORNO,8,BO,24,MONGUNO,08/24/,Borno North ,Monguno/Marte/Nganzai
BORNO,8,BO,25,NGALA,08/25/,Borno Central,Bama/Ngala/Kala-Balge
BORNO,8,BO,26,NGANZAI,08/26/,Borno North,Monguno/Marte/Nganzai
BORNO,8,BO,27,SHANI,08/27/,Borno South,Biu/Bayo/Shani/Kwaya Kusar
CROSS RIVER,9,CR,1,ABI,09/01/,Cross River Central,Yakurr/Abi
CROSS RIVER,9,CR,2,AKAMKPA,09/02/,Cross River South,Akamkpa/Biase
CROSS RIVER,9,CR,3,AKPABUYO,09/03/,Cross River South,Akpabuyo/Bakassi/Calabar South
CROSS RIVER,9,CR,4,BAKASSI,09/04/,Cross River South,Akpabuyo/Bakassi/Calabar South
CROSS RIVER,9,CR,5,BEKWARA,09/05/,Cross River North,Bekwarra/Obudu/Obanliku
CROSS RIVER,9,CR,6,BIASE,09/06/,Cross River South,Akamkpa/Biase
CROSS RIVER,9,CR,7,BOKI,09/07/,Cross River Central,Ikom/Boki
CROSS RIVER,9,CR,8,CALABAR-MUNICIPAL,09/08/,Cross River South,Calabar Munincipal/Odukpani
CROSS RIVER,9,CR,9,CALABAR-SOUTH,09/09/,Cross River South,Akpabuyo/Bakassi/Calabar South
CROSS RIVER,9,CR,10,ETUNG,09/10/,Cross River Central,Obubra/Etung
CROSS RIVER,9,CR,11,IKOM,09/11/,Cross River Central,Ikom/Boki
CROSS RIVER,9,CR,12,OBANLIKU,09/12/,Cross River North,Bekwarra/Obudu/Obanliku
CROSS RIVER,9,CR,13,OBUBRA,09/13/,Cross River Central,Obubra/Etung
CROSS RIVER,9,CR,14,OBUDU,09/14/,Cross River North,Bekwarra/Obudu/Obanliku
CROSS RIVER,9,CR,15,ODUKPANI,09/15/,Cross River South,Calabar Munincipal/Odukpani
CROSS RIVER,9,CR,16,OGOJA,09/16/,Cross River North,Ogoja/Yala
CROSS RIVER,9,CR,17,YAKURR,09/17/,Cross River Central,Yakurr/Abi
CROSS RIVER,9,CR,18,YALA,09/18/,Cross River North,Ogoja/Yala
DELTA,10,DE,1,ANIOCHA NORTH,10/01/,Delta North,Aniocha North/South
DELTA,10,DE,2,ANIOCHA SOUTH,10/02/,Delta North,Aniocha North/South
DELTA,10,DE,3,BOMADI,10/03/,Delta South,Bomadi/Patani
DELTA,10,DE,4,BURUTU,10/04/,Delta South,Burutu
DELTA,10,DE,5,ETHIOPE EAST,10/05/,Delta Central,Ethiope
DELTA,10,DE,6,ETHIOPE WEST,10/06/,Delta Central,Ethiope
DELTA,10,DE,7,IKA NORTH-EAST,10/07/,Delta North,Ika
DELTA,10,DE,8,IKA SOUTH,10/08/,Delta North,Ika
DELTA,10,DE,9,ISOKO NORTH,10/09/,Delta South,Isoko North/South
DELTA,10,DE,10,ISOKO SOUTH,10/10/,Delta South,Isoko North/South
DELTA,10,DE,11,NDOKWA EAST,10/11/,Delta North,Ndokwa/Ukwani
DELTA,10,DE,12,NDOKWA WEST,10/12/,Delta North,Ndokwa/Ukwani
DELTA,10,DE,13,OKPE,10/13/,Delta Central,Okpe/Sapele/Uvwie
DELTA,10,DE,14,OSHIMILI NORTH,10/14/,Delta North,Aniocha North/South
DELTA,10,DE,15,OSHIMILI SOUTH,10/15/,Delta North,Aniocha North/South
DELTA,10,DE,16,PATANI,10/16/,Delta South,Bomadi/Patani
DELTA,10,DE,17,SAPELE,10/17/,Delta Central,Okpe/Sapele/Uvwie
DELTA,10,DE,18,UDU,10/18/,Delta Central,Ughelli North/South/Udu
DELTA,10,DE,19,UGHELLI NORTH,10/19/,Delta Central,Ughelli North/South/Udu
DELTA,10,DE,20,UGHELLI SOUTH,10/20/,Delta Central,Ughelli North/South/Udu
DELTA,10,DE,21,UKWUANI,10/21/,Delta North,Ndokwa/Ukwani
DELTA,10,DE,22,UVWIE,10/22/,Delta Central,Okpe/Sapele/Uvwie
DELTA,10,DE,23,WARRI NORTH,10/23/,Delta South,Warri
DELTA,10,DE,24,WARRI SOUTH,10/24/,Delta South,Warri
DELTA,10,DE,25,WARRI SOUTH WEST,10/25/,Delta South,Warri
EBONYI,11,EB,1,ABAKALIKI,11/01/,Ebonyi North,Abakaliki/Izzi
EBONYI,11,EB,2,AFIKPO NORTH,11/02/,Ebonyi Central,Afikpo North/Afikpo South
EBONYI,11,EB,3,AFIKPO SOUTH,11/03/,Ebonyi Central,Afikpo North/Afikpo South
EBONYI,11,EB,4,EBONYI,11/04/,Ebonyi North,Ohaukwu/Ebonyi
EBONYI,11,EB,5,EZZA NORTH,11/05/,Ebonyi South,Ezza North/Ishielu
EBONYI,11,EB,6,EZZA SOUTH,11/06/,Ebonyi South,Ikwo/Ezza South
EBONYI,11,EB,7,IKWO,11/07/,Ebonyi South,Ikwo/Ezza South
EBONYI,11,EB,8,ISHIELU,11/08/,Ebonyi South,Ezza North/Ishielu
EBONYI,11,EB,9,IVO,11/09/,Ebonyi Central,Ivo/Ohaozara/Onicha
EBONYI,11,EB,10,IZZI,11/10/,Ebonyi North,Abakaliki/Izzi
EBONYI,11,EB,11,OHAOZARA,11/11/,Ebonyi Central,Ivo/Ohaozara/Onicha
EBONYI,11,EB,12,OHAUKWU,11/12/,Ebonyi North,Ohaukwu/Ebonyi
EBONYI,11,EB,13,ONICHA,11/13/,Ebonyi Central,Ivo/Ohaozara/Onicha
EDO,12,ED,1,AKOKO-EDO,12/01/,Edo North,Akoko-Edo
EDO,12,ED,2,EGOR,12/02/,Edo South,Egor/Ikpoba-okha
EDO,12,ED,3,ESAN CENTRAL,12/03/,Edo Central,Esan Central/West/Igueben
EDO,12,ED,4,ESAN NORTH-EAST,12/04/,Edo Central,Esan North-East/Esan South- East
EDO,12,ED,5,ESAN SOUTH-EAST,12/05/,Edo Central,Esan North-East/Esan South- East
EDO,12,ED,6,ESAN WEST,12/06/,Edo Central,Esan Central/West/Igueben
EDO,12,ED,7,ETSAKO CENTRAL,12/07/,Edo North,Etsako East/West/Central
EDO,12,ED,8,ETSAKO EAST,12/08/,Edo North,Etsako East/West/Central
EDO,12,ED,9,ETSAKO WEST,12/09/,Edo North,Etsako East/West/Central
EDO,12,ED,10,IGUEBEN,12/10/,Edo Central,Esan Central/West/Igueben
EDO,12,ED,11,IKPOBA OKHA,12/11/,Edo South,Egor/Ikpoba-okha
EDO,12,ED,12,OREDO,12/12/,Edo South,Oredo
EDO,12,ED,13,ORHIONMWON,12/13/,Edo South,Orhionmwon/Uhunmwode
EDO,12,ED,14,OVIA SOUTH-WEST,12/14/,Edo South,Ovia South-West/Ovia North-East
EDO,12,ED,15,OVIA NORTH-EAST,12/15/,Edo South,Ovia South-West/Ovia North-East
EDO,12,ED,16,OWAN EAST,12/16/,Edo North,Owan West/East
EDO,12,ED,17,OWAN WEST,12/17/,Edo North,Owan West/East
EDO,12,ED,18,UHUNMWODE,12/18/,Edo South,Orhionmwon/Uhunmwode
EKITI,13,EK,1,ADO-EKITI,13/01/,Ekiti Central,ADO EKITI/IREPODUN/IFELODUN
EKITI,13,EK,2,AIYEDIRE(GBONYIN),13/02/,Ekiti South,EMURE/GBOYIN/EKITI EAST
EKITI,13,EK,3,EFON,13/03/,Ekiti Central,IJERO/EKITI WEST/ EFON
EKITI,13,EK,4,EKITI EAST,13/04/,Ekiti South,EMURE/GBOYIN/EKITI EAST
EKITI,13,EK,5,EKITI SOUTH WEST,13/05/,Ekiti South,EKITI SOUTH WEST/IKERE/ORUN ISE
EKITI,13,EK,6,EKITI WEST,13/06/,Ekiti Central,IJERO/EKITI WEST/ EFON
EKITI,13,EK,7,EMURE,13/07/,Ekiti South,EMURE/GBOYIN/EKITI EAST
EKITI,13,EK,8,IDO-OSI,13/08/,Ekiti North,IDO-OSI/MOBA/ILEJEMEJE
EKITI,13,EK,9,IJERO,13/09/,Ekiti Central,IJERO/EKITI WEST/ EFON
EKITI,13,EK,10,IKERE,13/10/,Ekiti South,EKITI SOUTH WEST/IKERE/ORUN ISE
EKITI,13,EK,11,IKOLE,13/11/,Ekiti North,IKOLE/OYE
EKITI,13,EK,12,ILEJEMEJE,13/12/,Ekiti North,IDO-OSI/MOBA/ILEJEMEJE
EKITI,13,EK,13,IREPODUN/IFELODUN,13/13/,Ekiti Central,ADO EKITI/IREPODUN/IFELODUN
EKITI,13,EK,14,ISE/ORUN,13/14/,Ekiti South,EKITI SOUTH WEST/IKERE/ORUN ISE
EKITI,13,EK,15,MOBA,13/15/,Ekiti North,IDO-OSI/MOBA/ILEJEMEJE
EKITI,13,EK,16,OYE,13/16/,Ekiti North,IKOLE/OYE
ENUGU,14,EN,1,Aninri,14/01/,Enugu West,Aninri/Agwu/Oji-uzo
ENUGU,14,EN,2,Awgu,14/02/,Enugu West,Aninri/Agwu/Oji-uzo
ENUGU,14,EN,3,Enugu East,14/03/,Enugu East,Enugu East/Isi-Uzo
ENUGU,14,EN,4,Enugu North,14/04/,Enugu East,Enugu North/South
ENUGU,14,EN,5,Enugu South,14/05/,Enugu East,Enugu North/South
ENUGU,14,EN,6,Ezeagu,14/06/,Enugu West,Ezeagu/Udi
ENUGU,14,EN,7,Igbo-Etti,14/07/,Enugu North,Igbo-Etiti/Uzo-Uwani
ENUGU,14,EN,8,Igbo-Eze North,14/08/,Enugu North,Igboeze North/Udenu
ENUGU,14,EN,9,Igbo-Eze South,14/09/,Enugu North,Nsukka/ Igboeze South
ENUGU,14,EN,10,Isi-Uzo,14/10/,Enugu East,Enugu East/Isi-Uzo
ENUGU,14,EN,11,Nkanu East,14/11/,Enugu East,Nkanu East/Nkanu West
ENUGU,14,EN,12,Nkanu West,14/12/,Enugu East,Nkanu East/Nkanu West
ENUGU,14,EN,13,Nsukka,14/13/,Enugu North,Nsukka/ Igboeze South
ENUGU,14,EN,14,Oji River,14/14/,Enugu West,Aninri/Agwu/Oji-uzo
ENUGU,14,EN,15,Udenu,14/15/,Enugu North,Igboeze North/Udenu
ENUGU,14,EN,16,Udi,14/16/,Enugu West,Ezeagu/Udi
ENUGU,14,EN,17,Uzo-Uwani,14/17/,Enugu North,Igbo-Etiti/Uzo-Uwani
GOMBE,15,GO,1,Akko,15/01/,Gombe central,Akko
GOMBE,15,GO,2,Balanga,15/02/,Gombe South,Balanga/Billiri
GOMBE,15,GO,3,Billiri,15/03/,Gombe South,Balanga/Billiri
GOMBE,15,GO,4,Dukku,15/04/,Gombe North,Dukku / Nafada
GOMBE,15,GO,5,Funkaye,15/05/,Gombe North,Gombe/kwami/Funakaye
GOMBE,15,GO,6,Gombe,15/06/,Gombe North,Gombe/kwami/Funakaye
GOMBE,15,GO,7,Kaltungo,15/07/,Gombe South,Kaltungo/Shongom
GOMBE,15,GO,8,Kwami,15/08/,Gombe North,Gombe/kwami/Funakaye
GOMBE,15,GO,9,Nafada,15/09/,Gombe North,Dukku / Nafada
GOMBE,15,GO,10,Shongom,15/10/,Gombe South,Kaltungo/Shongom
GOMBE,15,GO,11,Yamaltu-Deba,15/11/,Gombe central,Yamaltu-Deba
IMO,16,IM,1,Aboh-Mbaise,16/01/,Imo East,Aboh Mbaise/Ngor Okpala
IMO,16,IM,2,Ahiazu Mbaise,16/02/,Imo East,Ahiazu Mbaise/Ezinihitte
IMO,16,IM,3,Ehime Mbano,16/03/,Imo North,Ehimembano/Ihitte Uboma/Obowo
IMO,16,IM,4,Ezinihitte,16/04/,Imo East,Ahiazu Mbaise/Ezinihitte
IMO,16,IM,5,Ideato North,16/05/,Imo West,Ideato North /South
IMO,16,IM,6,Ideato South,16/06/,Imo West,Ideato North /South
IMO,16,IM,7,Ihite/Uboma,16/07/,Imo North,Ehimembano/Ihitte Uboma/Obowo
IMO,16,IM,8,Ikeduru,16/08/,Imo East,Mbaitolu/Ikeduru
IMO,16,IM,9,Isiala Mbano,16/09/,Imo North,Okigwe/Isiala-Mbano/Onuimo
IMO,16,IM,10,Isu,16/10/,Imo West,Nwangele/Isu/Njaba/Nkwerre
IMO,16,IM,11,Mbaitoli,16/11/,Imo East,Mbaitolu/Ikeduru
IMO,16,IM,12,Ngor Okpala,16/12/,Imo East,Aboh Mbaise/Ngor Okpala
IMO,16,IM,13,Njaba,16/13/,Imo West,Nwangele/Isu/Njaba/Nkwerre
IMO,16,IM,14,Nkwerre,16/14/,Imo West,Nwangele/Isu/Njaba/Nkwerre
IMO,16,IM,15,Nwangele,16/15/,Imo West,Nwangele/Isu/Njaba/Nkwerre
IMO,16,IM,16,Obowo,16/16/,Imo North,Ehimembano/Ihitte Uboma/Obowo
IMO,16,IM,17,Oguta,16/17/,Imo West,Ohaji-Egbema/Oguta/Oru West
IMO,16,IM,18,Ohaji/Egbema,16/18/,Imo West,Ohaji-Egbema/Oguta/Oru West
IMO,16,IM,19,Okigwe,16/19/,Imo North,Okigwe/Isiala-Mbano/Onuimo
IMO,16,IM,20,Onuimo,16/20/,Imo North,Okigwe/Isiala-Mbano/Onuimo
IMO,16,IM,21,Orlu,16/21/,Imo West,Orlu/Oru East/Orsu
IMO,16,IM,22,Orsu,16/22/,Imo West,Orlu/Oru East/Orsu
IMO,16,IM,23,Oru East,16/23/,Imo West,Orlu/Oru East/Orsu
IMO,16,IM,24,Oru West,16/24/,Imo West,Ohaji-Egbema/Oguta/Oru West
IMO,16,IM,25,Owerri Muicipal,16/25/,Imo East,Owerri Municipal/Owerri North/West
IMO,16,IM,26,Owerri North,16/26/,Imo East,Owerri Municipal/Owerri North/West
IMO,16,IM,27,Owerri West,16/27/,Imo East,Owerri Municipal/Owerri North/West
JIGAWA,17,JI,1,Auyo,17/01/,Jigawa North East,Hadejia/Kafin Hausa/Auyo
JIGAWA,17,JI,2,Babura,17/02/,Jigawa North West,Babura/Garki
JIGAWA,17,JI,3,Birnin Kudu,17/03/,Jigawa South West,Birnin-Kudu/Buji
JIGAWA,17,JI,4,Birniwa,17/04/,Jigawa North East,Birniwa/Guri/Kiri-Kasamma
JIGAWA,17,JI,5,Buji,17/05/,Jigawa South West,Birnin-Kudu/Buji
JIGAWA,17,JI,6,Dutse,17/06/,Jigawa South West,Dutse/Kiyawa
JIGAWA,17,JI,7,Gagarawa,17/07/,Jigawa North West,Sule-Tankarkar/Gagarawa/Maigatari/Gumel
JIGAWA,17,JI,8,Garki,17/08/,Jigawa North West,Babura/Garki
JIGAWA,17,JI,9,Gumel,17/09/,Jigawa North West,Sule-Tankarkar/Gagarawa/Maigatari/Gumel
JIGAWA,17,JI,10,Guri,17/10/,Jigawa North East,Birniwa/Guri/Kiri-Kasamma
JIGAWA,17,JI,11,Gwaram,17/11/,Jigawa South West,Gwaram
JIGAWA,17,JI,12,Gwiwa,17/12/,Jigawa North West,Kazaure/Roni/Gwiwa/Yankwashi
JIGAWA,17,JI,13,Hadeija,17/13/,Jigawa North East,Hadejia/Kafin Hausa/Auyo
JIGAWA,17,JI,14,Jahun,17/14/,Jigawa South West,Jahun/Miga
JIGAWA,17,JI,15,Kafin Hausa,17/15/,Jigawa North East,Hadejia/Kafin Hausa/Auyo
JIGAWA,17,JI,16,Kaugama,17/16/,Jigawa North East,Mallam Madori/Kaugama
JIGAWA,17,JI,17,Kazaure,17/17/,Jigawa North West,Kazaure/Roni/Gwiwa/Yankwashi
JIGAWA,17,JI,18,Kiri Kasama,17/18/,Jigawa North East,Birniwa/Guri/Kiri-Kasamma
JIGAWA,17,JI,19,Kiyawa,17/19/,Jigawa South West,Dutse/Kiyawa
JIGAWA,17,JI,20,Maigatari,17/20/,Jigawa North West,Sule-Tankarkar/Gagarawa/Maigatari/Gumel
JIGAWA,17,JI,21,Mallam Madori,17/21/,Jigawa North East,Mallam Madori/Kaugama
JIGAWA,17,JI,22,Miga,17/22/,Jigawa South West,Jahun/Miga
JIGAWA,17,JI,23,Ringim,17/23/,Jigawa North West,Ringim/Taura
JIGAWA,17,JI,24,Roni,17/24/,Jigawa North West,Kazaure/Roni/Gwiwa/Yankwashi
JIGAWA,17,JI,25,Sule-Tankarkar,17/25/,Jigawa North West,Sule-Tankarkar/Gagarawa/Maigatari/Gumel
JIGAWA,17,JI,26,Taura,17/26/,Jigawa North West,Ringim/Taura
JIGAWA,17,JI,27,Yankwashi,17/27/,Jigawa North West,Kazaure/Roni/Gwiwa/Yankwashi
KADUNA,18,KD,1,Birnin Gwari,18/01/,Kaduna Central,Birnin-Gwari/Giwa
KADUNA,18,KD,2,Chikun,18/02/,Kaduna Central,Chikun/Kajuru
KADUNA,18,KD,3,Giwa,18/03/,Kaduna Central,Birnin-Gwari/Giwa
KADUNA,18,KD,4,Igabi,18/04/,Kaduna Central,Igabi
KADUNA,18,KD,5,Ikara,18/05/,Kaduna North,Ikara/Kubau
KADUNA,18,KD,6,Jaba,18/06/,Kaduna South,Zangon Kataf/Jaba
KADUNA,18,KD,7,Jema'a,18/07/,Kaduna South,Jema'a/Sanga
KADUNA,18,KD,8,Kachia,18/08/,Kaduna South,Kachia/Kagarko
KADUNA,18,KD,9,Kaduna North,18/09/,Kaduna Central,Kaduna North
KADUNA,18,KD,10,Kaduna South,18/10/,Kaduna Central,Kaduna South
KADUNA,18,KD,11,Kagarko,18/11/,Kaduna South,Kachia/Kagarko
KADUNA,18,KD,12,Kajuru,18/12/,Kaduna Central,Chikun/Kajuru
KADUNA,18,KD,13,Kaura,18/13/,Kaduna South,Kaura
KADUNA,18,KD,14,Kauru,18/14/,Kaduna South,Kauru
KADUNA,18,KD,15,Kubau,18/15/,Kaduna North,Ikara/Kubau
KADUNA,18,KD,16,Kudan,18/16/,Kaduna North,Makarfi/Kudan
KADUNA,18,KD,17,Lere,18/17/,Kaduna North,Lere
KADUNA,18,KD,18,Makarfi,18/18/,Kaduna North,Makarfi/Kudan
KADUNA,18,KD,19,Sabon Gari,18/19/,Kaduna North,Sabon Gari
KADUNA,18,KD,20,Sanga,18/20/,Kaduna South,Jema'a/Sanga
KADUNA,18,KD,21,Soba,18/21/,Kaduna North,Soba
KADUNA,18,KD,22,Zangon-Kataf,18/22/,Kaduna South,Zangon Kataf/Jaba
KADUNA,18,KD,23,Zaria,18/23/,Kaduna North,Zaria Federal
KANO,19,KN,1,Ajingi,19/01/,Kano South,Albasu/Gaya/Ajingi
KANO,19,KN,2,Albasu,19/02/,Kano South,Albasu/Gaya/Ajingi
KANO,19,KN,3,Bagwai,19/03/,Kano North,Bagwai/Shanono
KANO,19,KN,4,Bebeji,19/04/,Kano South,Bebeji/Kiru
KANO,19,KN,5,Bichi,19/05/,Kano North,Bichi
KANO,19,KN,6,Bunkure,19/06/,Kano South,Rano/Bunkure/Kibiya
KANO,19,KN,7,Dala,19/07/,Kano central,Dala
KANO,19,KN,8,Danbatta,19/08/,Kano North,Dambatta/Makoda
KANO,19,KN,9,Dawakin Kudu,19/09/,Kano central,Dawakin-Kudu/Warawa
KANO,19,KN,10,Dawakin Tofa,19/10/,Kano North,Dawakin-Tofa/Tofa/Rimin Gado
KANO,19,KN,11,Doguwa,19/11/,Kano South,Tudun-Wada/Doguwa
KANO,19,KN,12,Fagge,19/12/,Kano central,Fagge
KANO,19,KN,13,Gabasawa,19/13/,Kano North,Gezawa/Gabasawa
KANO,19,KN,14,Garko,19/14/,Kano South,Wudil/Garko
KANO,19,KN,15,Garum Mallam,19/15/,Kano central,Kura/Madobi/Garun Mallam
KANO,19,KN,16,Gaya,19/16/,Kano South,Albasu/Gaya/Ajingi
KANO,19,KN,17,Gezawa,19/17/,Kano central,Gezawa/Gabasawa
KANO,19,KN,18,Gwale,19/18/,Kano central,Gwale
KANO,19,KN,19,Gwarzo,19/19/,Kano North,Gwarzo/kabo
KANO,19,KN,20,Kabo,19/20/,Kano North,Gwarzo/kabo
KANO,19,KN,21,Kano Municipal,19/21/,Kano central,Municipal
KANO,19,KN,22,Karaye,19/22/,Kano South,Karaye/Rogo
KANO,19,KN,23,Kibiya,19/23/,Kano South,Rano/Bunkure/Kibiya
KANO,19,KN,24,Kiru,19/24/,Kano South,Bebeji/Kiru
KANO,19,KN,25,Kumbotso,19/25/,Kano central,Kumbosto
KANO,19,KN,26,Kunchi,19/26/,Kano North,Tsanyawa/Kunchi
KANO,19,KN,27,Kura,19/27/,Kano central,Kura/Madobi/Garun Mallam
KANO,19,KN,28,Madobi,19/28/,Kano central,Kura/Madobi/Garun Mallam
KANO,19,KN,29,Makoda,19/29/,Kano North,Dambatta/Makoda
KANO,19,KN,30,Minjibir,19/30/,Kano central,Minjibir/Ungogo
KANO,19,KN,31,Nassarawa,19/31/,Kano central,Nassarawa
KANO,19,KN,32,Rano,19/32/,Kano South,Rano/Bunkure/Kibiya
KANO,19,KN,33,Rimin Gado,19/33/,Kano North,Dawakin-Tofa/Tofa/Rimin Gado
KANO,19,KN,34,Rogo,19/34/,Kano South,Karaye/Rogo
KANO,19,KN,35,Shanono,19/35/,Kano North,Bagwai/Shanono
KANO,19,KN,36,Sumaila,19/36/,Kano South,Sumaila/Takai
KANO,19,KN,37,Takai,19/37/,Kano South,Sumaila/Takai
KANO,19,KN,38,Tarauni,19/38/,Kano central,Tarauni
KANO,19,KN,39,Tofa,19/39/,Kano North,Dawakin-Tofa/Tofa/Rimin Gado
KANO,19,KN,40,Tsanyawa,19/40/,Kano North,Tsanyawa/Kunchi
KANO,19,KN,41,Tudun Wada,19/41/,Kano South,Tudun-Wada/Doguwa
KANO,19,KN,42,Ungogo,19/42/,Kano central,Minjibir/Ungogo
KANO,19,KN,43,Warawa,19/43/,Kano central,Dawakin-Kudu/Warawa
KANO,19,KN,44,Wudil,19/44/,Kano South,Wudil/Garko
KATSINA,20,KT,1,Bakori,20/01/,Katsina South,BAKORI/DANJA
KATSINA,20,KT,2,Batagarawa,20/02/, Katsina Central,BATAGARAWA/RIMI/CHARANCHI
KATSINA,20,KT,3,Batsari,20/03/, Katsina Central,SAFANA/DANMUSA/ BATSARI
KATSINA,20,KT,4,Baure,20/04/,Katsina North,ZANGO/BAURE
KATSINA,20,KT,5,Bindawa,20/05/,Katsina North,MANI/BINDAWA
KATSINA,20,KT,6,Charanchi,20/06/, Katsina Central,BATAGARAWA/RIMI/CHARANCHI
KATSINA,20,KT,7,Dandume,20/07/,Katsina South,DANDUME/FUNTUA
KATSINA,20,KT,8,Danja,20/08/,Katsina South,BAKORI/DANJA
KATSINA,20,KT,9,Danmusa,20/09/, Katsina Central,SAFANA/DANMUSA/ BATSARI
KATSINA,20,KT,10,Daura,20/10/,Katsina North,DAURA/MAI'ADUA/SANDAMU
KATSINA,20,KT,11,Dutsi,20/11/,Katsina North,MASHI/DUTSI
KATSINA,20,KT,12,Dutsin-Ma,20/12/, Katsina Central,DUTSIN-MA/KURFI
KATSINA,20,KT,13,Faskari,20/13/,Katsina South,KANKARA/FASKARI/SABUWA
KATSINA,20,KT,14,Funtua,20/14/,Katsina South,DANDUME/FUNTUA
KATSINA,20,KT,15,Ingawa,20/15/,Katsina North,KANKIA/KUSADA/INGAWA
KATSINA,20,KT,16,Jibia,20/16/,Katsina Central,JIBIA/KAITA
KATSINA,20,KT,17,Kafur,20/17/,Katsina South,MALUMFASHI/KAFUR
KATSINA,20,KT,18,Kaita,20/18/,Katsina Central,JIBIA/KAITA
KATSINA,20,KT,19,Kankara,20/19/,Katsina South,KANKARA/FASKARI/SABUWA
KATSINA,20,KT,20,Kankia,20/20/,Katsina North,KANKIA/KUSADA/INGAWA
KATSINA,20,KT,21,Katsina,20/21/,Katsina Central,KATSINA
KATSINA,20,KT,22,Kurfi,20/22/,Katsina Central,DUTSIN-MA/KURFI
KATSINA,20,KT,23,Kusada,20/23/,Katsina North,KANKIA/KUSADA/INGAWA
KATSINA,20,KT,24,Maiadua,20/24/,Katsina North,DAURA/MAI'ADUA/SANDAMU
KATSINA,20,KT,25,Malumefashi,20/25/,Katsina South,MALUMFASHI/KAFUR
KATSINA,20,KT,26,Mani,20/26/,Katsina North,MANI/BINDAWA
KATSINA,20,KT,27,Mashi,20/27/,Katsina North,MASHI/DUTSI
KATSINA,20,KT,28,Matazu,20/28/,Katsina South,MUSAWA/MATAZU
KATSINA,20,KT,29,Musawa,20/29/,Katsina South,MUSAWA/MATAZU
KATSINA,20,KT,30,Rimi,20/30/,Katsina Central,BATAGARAWA/RIMI/CHARANCHI
KATSINA,20,KT,31,Sabuwa,20/31/,Katsina South,KANKARA/FASKARI/SABUWA
KATSINA,20,KT,32,Safana,20/32/,Katsina Central,SAFANA/DANMUSA/ BATSARI
KATSINA,20,KT,33,Sandamu,20/33/,Katsina North,DAURA/MAI'ADUA/SANDAMU
KATSINA,20,KT,34,Zango,20/34/,Katsina North,ZANGO/BAURE
KEBBI,21,KE,1,Aliero,21/01/,Kebbi Central,ALIERO/GWANDU/JEGA
KEBBI,21,KE,2,Arewa,21/02/,Kebbi North,AREWA/DANDI
KEBBI,21,KE,3,Argungu,21/03/,Kebbi North,ARGUNGU/AUGIE
KEBBI,21,KE,4,Augie,21/04/,Kebbi North,ARGUNGU/AUGIE
KEBBI,21,KE,5,Bagudo,21/05/,Kebbi North,BAGUDO/SURU
KEBBI,21,KE,6,Birnin Kebbi,21/06/,Kebbi Central,KALGO/BUNZA/BIRNIN KEBBI
KEBBI,21,KE,7,Bunza,21/07/,Kebbi Central,KALGO/BUNZA/BIRNIN KEBBI
KEBBI,21,KE,8,Dandi,21/08/,Kebbi North,AREWA/DANDI
KEBBI,21,KE,9,Fakai,21/09/,Kebbi South,ZURU/FAKAI/DANKO/SAKABA/WASAGU
KEBBI,21,KE,10,Gwandu,21/10/,Kebbi Central,ALIERO/GWANDU/JEGA
KEBBI,21,KE,11,Jega,21/11/,Kebbi Central,ALIERO/GWANDU/JEGA
KEBBI,21,KE,12,Kalgo,21/12/,Kebbi Central,KALGO/BUNZA/BIRNIN KEBBI
KEBBI,21,KE,13,Koko-Besse,21/13/,Kebbi Central,KOKO-BESSE/MAIYAMA
KEBBI,21,KE,14,Maiyama,21/14/,Kebbi Central,KOKO-BESSE/MAIYAMA
KEBBI,21,KE,15,Ngaski,21/15/,Kebbi South,YAURI/NGASKI /SHANGA
KEBBI,21,KE,16,Sakaba,21/16/,Kebbi South,ZURU/FAKAI/DANKO/SAKABA/WASAGU
KEBBI,21,KE,17,Shanga,21/17/,Kebbi South,YAURI/NGASKI /SHANGA
KEBBI,21,KE,18,Suru,21/18/,Kebbi North,BAGUDO/SURU
KEBBI,21,KE,19,Wasagu/Dank0,21/19/,Kebbi South,ZURU/FAKAI/DANKO/SAKABA/WASAGU
KEBBI,21,KE,20,Yauri,21/20/,Kebbi South,YAURI/NGASKI /SHANGA
KEBBI,21,KE,21,Zuru,21/21/,Kebbi South,ZURU/FAKAI/DANKO/SAKABA/WASAGU
KOGI,22,KO,1,Adavi,22/01/,Kogi Central,ADAVI/OKEHI
KOGI,22,KO,2,Ajaokuta,22/02/,Kogi Central,AJAOKUTA
KOGI,22,KO,3,Ankpa,22/03/,Kogi East,ANKPA/OMALA/OLAMABORO
KOGI,22,KO,4,Bassa,22/04/,Kogi East,DEKINA/BASSA
KOGI,22,KO,5,Dekina,22/05/,Kogi East,DEKINA/BASSA
KOGI,22,KO,6,Ibaji,22/06/,Kogi East,Idah/Igalamela-Odolu/Ibaji/Ofu
KOGI,22,KO,7,Idah,22/07/,Kogi East,Idah/Igalamela-Odolu/Ibaji/Ofu
KOGI,22,KO,8,Igalamela-Odolu,22/08/,Kogi East,Idah/Igalamela-Odolu/Ibaji/Ofu
KOGI,22,KO,9,Ijumu,22/09/,Kogi West,KABBA-BUNU/IJUMU
KOGI,22,KO,10,Kabba-Bunu,22/10/,Kogi West,KABBA-BUNU/IJUMU
KOGI,22,KO,11,Kogi (KK),22/11/,Kogi West,LOKOJA/KOGI (KK)
KOGI,22,KO,12,Lokoja,22/12/,Kogi West,LOKOJA/KOGI (KK)
KOGI,22,KO,13,Mopamuro,22/13/,Kogi West,YAGBA EAST/WEST/MOPAMURO
KOGI,22,KO,14,Ofu,22/14/,Kogi East,Idah/Igalamela-Odolu/Ibaji/Ofu
KOGI,22,KO,15,Ogori/Magongo,22/15/,Kogi Central,OKENE/OGORI MAGONGO
KOGI,22,KO,16,Okehi,22/16/,Kogi Central,ADAVI/OKEHI
KOGI,22,KO,17,Okene,22/17/,Kogi Central,OKENE/OGORI MAGONGO
KOGI,22,KO,18,Olamabolo,22/18/,Kogi East,ANKPA/OMALA/OLAMABORO
KOGI,22,KO,19,Omala,22/19/,Kogi East,ANKPA/OMALA/OLAMABORO
KOGI,22,KO,20,Yagba East,22/20/,Kogi West,YAGBA EAST/WEST/MOPAMURO
KOGI,22,KO,21,Yagba West,22/21/,Kogi West,YAGBA EAST/WEST/MOPAMURO
KWARA,23,KW,1,Asa,23/01/,Kwara Central,ILORIN WEST/ASA
KWARA,23,KW,2,Baruten,23/02/,Kwara North,BARUTEN/KAIAMA
KWARA,23,KW,3,Edu,23/03/,Kwara North,PATIGI/EDU/MORO
KWARA,23,KW,4,Ekiti,23/04/,Kwara South,EKITI/IREPODUN/ISIN/OKE-ERO
KWARA,23,KW,5,Ifelodun,23/05/,Kwara South,IFELODUN/OFFA/OYUN
KWARA,23,KW,6,Ilorin East,23/06/,Kwara Central,ILORIN SOUTH/ EAST
KWARA,23,KW,7,Ilorin South,23/07/,Kwara Central,ILORIN SOUTH/ EAST
KWARA,23,KW,8,Ilorin West,23/08/,Kwara Central,ILORIN WEST/ASA
KWARA,23,KW,9,Irepodun,23/09/,Kwara South,EKITI/IREPODUN/ISIN/OKE-ERO
KWARA,23,KW,10,Isin,23/10/,Kwara South,EKITI/IREPODUN/ISIN/OKE-ERO
KWARA,23,KW,11,Kaiama,23/11/,Kwara North,BARUTEN/KAIAMA
KWARA,23,KW,12,Moro,23/12/,Kwara North,PATIGI/EDU/MORO
KWARA,23,KW,13,Offa,23/13/,Kwara South,IFELODUN/OFFA/OYUN
KWARA,23,KW,14,Oke-Ero,23/14/,Kwara South,EKITI/IREPODUN/ISIN/OKE-ERO
KWARA,23,KW,15,Oyun,23/15/,Kwara South,IFELODUN/OFFA/OYUN
KWARA,23,KW,16,Patigi,23/16/,Kwara North,PATIGI/EDU/MORO
LAGOS,24,LA,1,Agege,24/01/,Lagos West,AGEGE
LAGOS,24,LA,2,Ajeromi/Ifelodun,24/02/,Lagos West,AJEROMI/IFELODUN
LAGOS,24,LA,3,Alimosho,24/03/,Lagos West,ALIMOSHO
LAGOS,24,LA,4,Amuwo-Odofin,24/04/,Lagos West,AMUWO-ODOFIN
LAGOS,24,LA,5,Apapa,24/05/,Lagos Central,APAPA
LAGOS,24,LA,6,Badagry,24/06/,Lagos West,BADAGRY
LAGOS,24,LA,7,Epe,24/07/,Lagos East,EPE
LAGOS,24,LA,8,Eti-Osa,24/08/,Lagos Central,ETI-OSA
LAGOS,24,LA,9,Ibeju-Lekki,24/09/,Lagos East,IBEJU-LEKKI
LAGOS,24,LA,10,Ifako-iJaiye,24/10/,Lagos West,IFAKO-IJAIYE
LAGOS,24,LA,11,Ikeja,24/11/,Lagos West,IKEJA
LAGOS,24,LA,12,Ikorodu,24/12/,Lagos East,IKORODU
LAGOS,24,LA,13,Kosofe,24/13/,Lagos East,KOSOFE
LAGOS,24,LA,14,Lagos Island,24/14/,Lagos Central,LAGOS ISLAND I
LAGOS,24,LA,14,Lagos Island,24/14/,Lagos Central,LAGOS ISLAND II
LAGOS,24,LA,15,Lagos Mainland,24/15/,Lagos Central,LAGOS MAINLAND
LAGOS,24,LA,16,Mushin,24/16/,Lagos West,MUSHIN I
LAGOS,24,LA,16,Mushin,24/16/,Lagos West,MUSHIN II
LAGOS,24,LA,17,Ojo,24/17/,Lagos West,OJO
LAGOS,24,LA,18,Oshodi/Isolo,24/18/,Lagos West,OSHODI/ISOLO I
LAGOS,24,LA,18,Oshodi/Isolo,24/18/,Lagos West,OSHODI/ISOLO II
LAGOS,24,LA,19,Shomolu,24/19/,Lagos East,SHOMOLU
LAGOS,24,LA,20,Surulere,24/20/,Lagos Central,SURULERE I
LAGOS,24,LA,20,Surulere,24/20/,Lagos Central,SURULERE II
NASARAWA,25,NA,1,Akwanga,25/01/,Nasarawa North,AKWANGA//WAMBA/NASARAWA EGGON
NASARAWA,25,NA,2,Awe,25/02/,Nasarawa South,AWE/DOMA/KEANA
NASARAWA,25,NA,3,Doma,25/03/,Nasarawa South,AWE/DOMA/KEANA
NASARAWA,25,NA,4,Karu,25/04/,Nasarawa West,KEFFI/KARU/KOKONA
NASARAWA,25,NA,5,Keana,25/05/,Nasarawa South,AWE/DOMA/KEANA
NASARAWA,25,NA,6,Keffi,25/06/,Nasarawa West,KEFFI/KARU/KOKONA
NASARAWA,25,NA,7,Kokona,25/07/,Nasarawa West,KEFFI/KARU/KOKONA
NASARAWA,25,NA,8,Lafia,25/08/,Nasarawa South,LAFIA/OBI
NASARAWA,25,NA,9,Nassarawa,25/09/,Nasarawa West,NASSAWARA/TOTO
NASARAWA,25,NA,10,Nassarawa-Eggon,25/10/,Nasarawa North,AKWANGA//WAMBA/NASARAWA EGGON
NASARAWA,25,NA,11,Obi,25/11/,Nasarawa South,LAFIA/OBI
NASARAWA,25,NA,12,Toto,25/12/,Nasarawa West,NASSAWARA/TOTO
NASARAWA,25,NA,13,Wamba,25/13/,Nasarawa North,AKWANGA//WAMBA/NASARAWA EGGON
NIGER,26,NI,1,Agaie,26/01/,Niger South,AGAIE/LAPAI
NIGER,26,NI,2,Agwara,26/02/,Niger North,AGWARA/BORGU
NIGER,26,NI,3,Bida,26/03/,Niger South,GBAKO/BIDA/KATCHA
NIGER,26,NI,4,Borgu,26/04/,Niger North,AGWARA/BORGU
NIGER,26,NI,5,Bosso,26/05/,Niger East,BOOSO/PAIKORO
NIGER,26,NI,6,Chachanga,26/06/,Niger East,CHANCHAGA
NIGER,26,NI,7,Edati,26/07/,Niger South,MOKWA/LAVUN/EDATI
NIGER,26,NI,8,Gbako,26/08/,Niger South,GBAKO/BIDA/KATCHA
NIGER,26,NI,9,Gurara,26/09/,Niger East,SULEJA/TAFA/GURARA
NIGER,26,NI,10,Katcha,26/10/,Niger South,GBAKO/BIDA/KATCHA
NIGER,26,NI,11,Kontogora,26/11/,Niger North,WUSHISHI/MASHEGU/KONTAGORA/MARIGA
NIGER,26,NI,12,Lapai,26/12/,Niger South,AGAIE/LAPAI
NIGER,26,NI,13,Lavun,26/13/,Niger South,MOKWA/LAVUN/EDATI
NIGER,26,NI,14,Magama,26/12/,Niger North,RIJAU/MAGAMA
NIGER,26,NI,15,Mariga,26/13/,Niger North,WUSHISHI/MASHEGU/KONTAGORA/MARIGA
NIGER,26,NI,16,Mashegu,26/14/,Niger North,WUSHISHI/MASHEGU/KONTAGORA/MARIGA
NIGER,26,NI,17,Mokwa,26/15/,Niger South,MOKWA/LAVUN/EDATI
NIGER,26,NI,18,Munya,26/16/,Niger East,SHIRORO/RAFI/MUNYA
NIGER,26,NI,19,Paikoro,26/17/,Niger East,BOOSO/PAIKORO
NIGER,26,NI,20,Rafi,26/18/,Niger East,SHIRORO/RAFI/MUNYA
NIGER,26,NI,21,Rijau,26/19/,Niger North,RIJAU/MAGAMA
NIGER,26,NI,22,Shiroro,26/20/,Niger East,SHIRORO/RAFI/MUNYA
NIGER,26,NI,23,Suleja,26/21/,Niger East,SULEJA/TAFA/GURARA
NIGER,26,NI,24,Tafa,26/22/,Niger East,SULEJA/TAFA/GURARA
NIGER,26,NI,25,Wushishi,26/23/,Niger North,WUSHISHI/MASHEGU/KONTAGORA/MARIGA
OGUN,27,OG,1,Abeokuta North,27/01/,Ogun Central,ODEDA/OBAFEMI-OWODE/ABEOKUTA NORTH
OGUN,27,OG,2,Abeokuta South,27/02/,Ogun Central,ABEOKUTA SOUTH
OGUN,27,OG,3,Ado-Odo-Ota,27/03/,Ogun West,ADO-ODO/OTA
OGUN,27,OG,4,Egbado North,27/04/,Ogun West,EGBADO-NORTH/IMEKO-AFON
OGUN,27,OG,5,Egbado South,27/05/,Ogun West,EGBADO-SOUTH/IPOKIA
OGUN,27,OG,6,Ewekoro,27/06/,Ogun Central,IFO/EWEKORO
OGUN,27,OG,7,Ifo,27/07/,Ogun Central,IFO/EWEKORO
OGUN,27,OG,8,Ijebu East,27/08/,Ogun East,IJEBU-EAST/IJEBU-NORTH/OGUN-WATERSIDE
OGUN,27,OG,9,Ijebu North,27/09/,Ogun East,IJEBU-EAST/IJEBU-NORTH/OGUN-WATERSIDE
OGUN,27,OG,10,Ijebu North East,27/10/,Ogun East,IJEBU ODE/ODOGBOLU/ IJEBU NORTH EAST
OGUN,27,OG,11,Ijebu-Ode,27/11/,Ogun East,IJEBU ODE/ODOGBOLU/ IJEBU NORTH EAST
OGUN,27,OG,12,Ikenne,27/12/,Ogun East,IKENNE/SHAGAMU/REMO NORTH
OGUN,27,OG,13,Imeko Afon,27/13/,Ogun West,EGBADO-NORTH/IMEKO-AFON
OGUN,27,OG,14,Ipokia,27/14/,Ogun West,EGBADO-SOUTH/IPOKIA
OGUN,27,OG,15,Obafemi/Owode,27/15/,Ogun Central,ODEDA/OBAFEMI-OWODE/ABEOKUTA NORTH
OGUN,27,OG,16,Odeda,27/16/,Ogun Central,ODEDA/OBAFEMI-OWODE/ABEOKUTA NORTH
OGUN,27,OG,17,Odogbolu,27/17/,Ogun East,IJEBU ODE/ODOGBOLU/ IJEBU NORTH EAST
OGUN,27,OG,18,Ogun Waterside,27/18/,Ogun East,IJEBU-EAST/IJEBU-NORTH/OGUN-WATERSIDE
OGUN,27,OG,19,Remo North,27/19/,Ogun East,IKENNE/SHAGAMU/REMO NORTH
OGUN,27,OG,20,Shagamu,27/20/,Ogun East,IKENNE/SHAGAMU/REMO NORTH
ONDO,28,ON,1,Akoko North East,28/01/,Ondo North,AKOKO NORTH EAST/ AKOKO NORTH WEST
ONDO,28,ON,2,Akoko North West,28/02/,Ondo North,AKOKO NORTH EAST/ AKOKO NORTH WEST
ONDO,28,ON,3,Akoko South East,28/03/,Ondo North,AKOKO SOUTH EAST/ AKOKO SOUTH WEST
ONDO,28,ON,4,Akoko South West,28/04/,Ondo North,AKOKO SOUTH EAST/ AKOKO SOUTH WEST
ONDO,28,ON,5,Akure North,28/05/,Ondo Central,AKURE NORTH/AKURE SOUTH
ONDO,28,ON,6,Akure South,28/06/,Ondo Central,AKURE NORTH/AKURE SOUTH
ONDO,28,ON,7,Ese-Odo,28/07/,Ondo South,ILAJE/ESEODO
ONDO,28,ON,8,Idanre,28/08/,Ondo Central,IDANRE/IFEDORE
ONDO,28,ON,9,Odigbo,28/09/,Ondo South,ILEOLUJI - OKEIGBO /ODIGBO
ONDO,28,ON,10,Ifedore,28/10/,Ondo Central,IDANRE/IFEDORE
ONDO,28,ON,11,Ilaje,28/11/,Ondo South,ILAJE/ESEODO
ONDO,28,ON,12,Ileoluji-Okeigbo,28/12/,Ondo South,ILEOLUJI - OKEIGBO /ODIGBO
ONDO,28,ON,13,Irele,28/13/,Ondo South,OKITIPUPA/IRELE
ONDO,28,ON,14,Okitipupa,28/14/,Ondo South,OKITIPUPA/IRELE
ONDO,28,ON,15,Ondo East,28/15/,Ondo Central,ONDO WEST/ONDO EAST
ONDO,28,ON,16,Ondo West,28/16/,Ondo Central,ONDO WEST/ONDO EAST
ONDO,28,ON,17,Ose,28/17/,Ondo North,OWO/OSE
ONDO,28,ON,18,Owo,28/18/,Ondo North,OWO/OSE
OSUN,29,OS,1,Atakunmosa East,29/01/,Osun East,ATAKUNMOSA EAST/WEST/ILESHA EAST/WEST
OSUN,29,OS,2,Atakunmosa West,29/02/,Osun East,ATAKUNMOSA EAST/WEST/ILESHA EAST/WEST
OSUN,29,OS,3,Ayedaade,29/03/,Osun West,AYEDAADE/IREWOLE/ISOKAN
OSUN,29,OS,4,Ayedire,29/04/,Osun West,AYEDIRE/IWO/OLA-OLUWA
OSUN,29,OS,5,Boluwaduro,29/05/,Osun Central,BOLUWADURO/IFEDAYO/ILA
OSUN,29,OS,6,Boripe,29/06/,Osun Central,ODO-OTIN/IFELODUN/BORIPE
OSUN,29,OS,7,Ede North,29/07/,Osun West,EDE NORTH/EDE SOUTH/EGBEDORE/EJIGBO
OSUN,29,OS,8,Ede South,29/08/,Osun West,EDE NORTH/EDE SOUTH/EGBEDORE/EJIGBO
OSUN,29,OS,9,Egbedore,29/09/,Osun West,EDE NORTH/EDE SOUTH/EGBEDORE/EJIGBO
OSUN,29,OS,10,Ejigbo,29/10/,Osun West,EDE NORTH/EDE SOUTH/EGBEDORE/EJIGBO
OSUN,29,OS,11,Ife Central,29/11/,Osun East,IFE CENTRAL/ IFE EAST/ IFE NORTH/ IFE SOUTH
OSUN,29,OS,12,Ife East,29/12/,Osun East,IFE CENTRAL/ IFE EAST/ IFE NORTH/ IFE SOUTH
OSUN,29,OS,13,Ife North,29/13/,Osun East,IFE CENTRAL/ IFE EAST/ IFE NORTH/ IFE SOUTH
OSUN,29,OS,14,Ife South,29/14/,Osun East,IFE CENTRAL/ IFE EAST/ IFE NORTH/ IFE SOUTH
OSUN,29,OS,15,Ifedayo,29/15/,Osun Central,BOLUWADURO/IFEDAYO/ILA
OSUN,29,OS,16,Ifelodun,29/16/,Osun Central,ODO-OTIN/IFELODUN/BORIPE
OSUN,29,OS,17,Ila,29/17/,Osun Central,BOLUWADURO/IFEDAYO/ILA
OSUN,29,OS,18,Ilesa East,29/18/,Osun East,ATAKUNMOSA EAST/WEST/ILESHA EAST/WEST
OSUN,29,OS,19,Ilesa West,29/19/,Osun East,ATAKUNMOSA EAST/WEST/ILESHA EAST/WEST
OSUN,29,OS,20,Irepodun,29/20/,Osun Central,IREPODUN/OLORUNDA/OSOGBO/OROLU
OSUN,29,OS,21,Irewole,29/21/,Osun West,AYEDAADE/IREWOLE/ISOKAN
OSUN,29,OS,22,Isokan,29/22/,Osun West,AYEDAADE/IREWOLE/ISOKAN
OSUN,29,OS,23,Iwo,29/23/,Osun West,AYEDIRE/IWO/OLA-OLUWA
OSUN,29,OS,24,Obokun,29/24/,Osun East,OBOKUN/ORIADE
OSUN,29,OS,25,Odo-Otin,29/25/,Osun Central,ODO-OTIN/IFELODUN/BORIPE
OSUN,29,OS,26,Ola-Oluwa,29/26/,Osun West,AYEDIRE/IWO/OLA-OLUWA
OSUN,29,OS,27,Olorunda,29/27/,Osun Central,IREPODUN/OLORUNDA/OSOGBO/OROLU
OSUN,29,OS,28,Oriade,29/28/,Osun East,OBOKUN/ORIADE
OSUN,29,OS,29,Orolu,29/29/,Osun Central,IREPODUN/OLORUNDA/OSOGBO/OROLU
OSUN,29,OS,30,Osogbo,29/30/,Osun Central,IREPODUN/OLORUNDA/OSOGBO/OROLU
OYO,30,OY,1,Afijio,30/01/,Oyo Central,AFIJIO/ATIBA/OYO EAST/ OYO WEST
OYO,30,OY,2,Akinyele,30/02/,Oyo Central,AKINYELE/LAGELU
OYO,30,OY,3,Atiba,30/03/,Oyo Central,AFIJIO/ATIBA/OYO EAST/ OYO WEST
OYO,30,OY,4,Atisbo,30/04/,Oyo North,SAKI EAST/ SAKI WEST/ ATISBO
OYO,30,OY,5,Egbeda,30/05/,Oyo Central,EGBEDA/ONA-ARA
OYO,30,OY,6,Ibadan North,30/06/,Oyo South,IBADAN NORTH
OYO,30,OY,7,Ibadan North East,30/07/,Oyo South,IBADAN NORTH EAST/IBADAN SOUTH EAST
OYO,30,OY,8,Ibadan North West,30/08/,Oyo South,IBADAN NORTH WEST/SOUTH WEST
OYO,30,OY,9,Ibadan South East,30/09/,Oyo South,IBADAN NORTH EAST/IBADAN SOUTH EAST
OYO,30,OY,10,Ibadan South West,30/10/,Oyo South,IBADAN NORTH WEST/SOUTH WEST
OYO,30,OY,11,Ibarapa Central,30/11/,Oyo South,IBARAPA CENTRAL/IBARAPA NORTH
OYO,30,OY,12,Ibarapa East,30/12/,Oyo South,IBARAPA EAST/IDO
OYO,30,OY,13,Ibarapa North,30/13/,Oyo South,IBARAPA CENTRAL/IBARAPA NORTH
OYO,30,OY,14,Ido,30/14/,Oyo South,IBARAPA EAST/IDO
OYO,30,OY,15,Irepo,30/15/,Oyo North,IREPO/ORELOPE/OLORUNSOGO
OYO,30,OY,16,Iseyin,30/16/,Oyo North,ISEYIN/ITESIWAJU/KAJOLA/IWAJOWA
OYO,30,OY,17,Itesiwaju,30/17/,Oyo North,ISEYIN/ITESIWAJU/KAJOLA/IWAJOWA
OYO,30,OY,18,Iwajowa,30/18/,Oyo North,ISEYIN/ITESIWAJU/KAJOLA/IWAJOWA
OYO,30,OY,19,Kajola,30/19/,Oyo North,ISEYIN/ITESIWAJU/KAJOLA/IWAJOWA
OYO,30,OY,20,Lagelu,30/20/,Oyo Central,AKINYELE/LAGELU
OYO,30,OY,21,Ogbomosho North,30/21/,Oyo North,OGBOMOSHO NORTH/OGBOMOSO SOUTH /ORIRE
OYO,30,OY,22,Ogbomosho South,30/22/,Oyo North,OGBOMOSHO NORTH/OGBOMOSO SOUTH /ORIRE
OYO,30,OY,23,Ogo Oluwa,30/23/,Oyo Central,OGO-OLUWA/SURULERE
OYO,30,OY,24,Olorunsogo,30/24/,Oyo North,IREPO/ORELOPE/OLORUNSOGO
OYO,30,OY,25,Oluyole,30/25/,Oyo Central,OLUYOLE
OYO,30,OY,26,Ona-Ara,30/26/,Oyo Central,EGBEDA/ONA-ARA
OYO,30,OY,27,Orelope,30/27/,Oyo North,IREPO/ORELOPE/OLORUNSOGO
OYO,30,OY,28,Orire,30/28/,Oyo North,OGBOMOSHO NORTH/OGBOMOSO SOUTH /ORIRE
OYO,30,OY,29,Oyo East,30/29/,Oyo Central,AFIJIO/ATIBA/OYO EAST/ OYO WEST
OYO,30,OY,30,Oyo West,30/30/,Oyo Central,AFIJIO/ATIBA/OYO EAST/ OYO WEST
OYO,30,OY,31,Saki East,30/31/,Oyo North,SAKI EAST/ SAKI WEST/ ATISBO
OYO,30,OY,32,Saki West,30/32/,Oyo North,SAKI EAST/ SAKI WEST/ ATISBO
OYO,30,OY,33,Surulere,30/33/,Oyo Central,OGO-OLUWA/SURULERE
PLATEAU,31,PL,1,Barkin Ladi,31/01/,Plateau North,BARKIN LADI/RIYOM
PLATEAU,31,PL,2,Bassa,31/02/,Plateau North,JOS NORTH/BASSA
PLATEAU,31,PL,3,Bokkos,31/03/,Plateau Central,MANGU/BOKKOS
PLATEAU,31,PL,4,Jos East,31/04/,Plateau North,JOS SOUTH/JOS EAST
PLATEAU,31,PL,5,Jos North,31/05/,Plateau North,JOS NORTH/BASSA
PLATEAU,31,PL,6,Jos South,31/06/,Plateau North,JOS SOUTH/JOS EAST
PLATEAU,31,PL,7,Kanam,31/07/,Plateau Central,PANKSHIN/KANAM/ KANKE
PLATEAU,31,PL,8,Kanke,31/08/,Plateau Central,PANKSHIN/KANAM/ KANKE
PLATEAU,31,PL,9,Lantang North,31/09/,Plateau South,LANGTANG NORTH/LANGTANG SOUTH
PLATEAU,31,PL,10,Lantang South,31/10/,Plateau South,LANGTANG NORTH/LANGTANG SOUTH
PLATEAU,31,PL,11,Mangu,31/11/,Plateau Central,MANGU/BOKKOS
PLATEAU,31,PL,12,Mikang,31/12/,Plateau South,SHENDAM/MIKANG/QUA'AN-PAN
PLATEAU,31,PL,13,Pankshin,31/13/,Plateau Central,PANKSHIN/KANAM/ KANKE
PLATEAU,31,PL,14,Qua'an Pan,31/14/,Plateau South,SHENDAM/MIKANG/QUA'AN-PAN
PLATEAU,31,PL,15,Riyom,31/15/,Plateau North,BARKIN LADI/RIYOM
PLATEAU,31,PL,16,Shendam,31/16/,Plateau South,SHENDAM/MIKANG/QUA'AN-PAN
PLATEAU,31,PL,17,Wase,31/17/,Plateau South,WASE
RIVERS,32,RI,1,Abua-Odual,32/01/,Rivers West,ABUA-ODUAL/AHOADA EAST
RIVERS,32,RI,2,Ahoada East,32/02/,Rivers West,ABUA-ODUAL/AHOADA EAST
RIVERS,32,RI,3,Ahoada West,32/03/,Rivers West,AHOADA WEST/OGBA/EGBEMA/INDONI
RIVERS,32,RI,4,Akuku-Toru,32/04/,Rivers West,AKUKU-TORU/ASARI-TORU
RIVERS,32,RI,5,Andoni,32/05/,Rivers South East,ANDONI/OPOBO-NKORO
RIVERS,32,RI,6,Asari-Toru,32/06/,Rivers West,AKUKU-TORU/ASARI-TORU
RIVERS,32,RI,7,Bonny,32/07/,Rivers West,BONNY/DEGEMA
RIVERS,32,RI,8,Degema,32/08/,Rivers West,BONNY/DEGEMA
RIVERS,32,RI,9,Eleme,32/09/,Rivers South East,TAI/ELEME/OYIGBO
RIVERS,32,RI,10,Emohua,32/10/,Rivers East,IKWERRE/EMOHUA
RIVERS,32,RI,11,Etche,32/11/,Rivers East,ETCHE/OMUMA
RIVERS,32,RI,12,Gokana,32/12/,Rivers South East,KHANA/GOKANA
RIVERS,32,RI,13,Ikwerre,32/13/,Rivers East,IKWERRE/EMOHUA
RIVERS,32,RI,14,Khana,32/14/,Rivers South East,KHANA/GOKANA
RIVERS,32,RI,15,Obio Akpor,32/15/,Rivers East,OBIO AKPOR
RIVERS,32,RI,16,Ogba/Egbema/Ndoni,32/16/,Rivers West,AHOADA WEST/OGBA/EGBEMA/INDONI
RIVERS,32,RI,17,Ogu/Ibolo,32/17/,Rivers East,OKRIKA/OGU-BOLO
RIVERS,32,RI,18,Okirika,32/18/,Rivers East,OKRIKA/OGU-BOLO
RIVERS,32,RI,19,Omuma,32/19/,Rivers East,ETCHE/OMUMA
RIVERS,32,RI,20,Opobo/Nkoro,32/20/,Rivers South East,ANDONI/OPOBO-NKORO
RIVERS,32,RI,21,Oyigbo,32/21/,Rivers South East,TAI/ELEME/OYIGBO
RIVERS,32,RI,22,Port Harcourt,32/22/,Rivers East,PORT HARCOURT I
RIVERS,32,RI,22,Port Harcourt,32/22/,Rivers East,PORT HARCOURT II
RIVERS,32,RI,23,Tai,32/23/,Rivers South East,TAI/ELEME/OYIGBO
SOKOTO,33,SO,1,Binji,33/01/,Sokoto North,BINJI/SILAME
SOKOTO,33,SO,2,Bodinga,33/02/,Sokoto South,DANGE SHUNI/BODINGA/TURETA
SOKOTO,33,SO,3,Dange Shuni,33/03/,Sokoto South,DANGE SHUNI/BODINGA/TURETA
SOKOTO,33,SO,4,Gada,33/04/,Sokoto East,GADA/GORONYO
SOKOTO,33,SO,5,Goronyo,33/05/,Sokoto East,GADA/GORONYO
SOKOTO,33,SO,6,Gudu,33/06/,Sokoto North,TANGAZA/GUDU
SOKOTO,33,SO,7,Gwadabawa,33/07/,Sokoto East,ILELLA/GWADABAWA
SOKOTO,33,SO,8,Illela,33/08/,Sokoto East,ILELLA/GWADABAWA
SOKOTO,33,SO,9,Isa,33/09/,Sokoto East,ISA/SABON BIRNI
SOKOTO,33,SO,10,Kebbe,33/10/,Sokoto South,TAMBUWAL-KEBBE
SOKOTO,33,SO,11,Kware,33/11/,Sokoto North,KWARE/WAMMAKO
SOKOTO,33,SO,12,Rabah,33/12/,Sokoto East,WURNO/RABBAH
SOKOTO,33,SO,13,Sabon Birni,33/13/,Sokoto East,ISA/SABON BIRNI
SOKOTO,33,SO,14,Shagari,33/14/,Sokoto South,YABO/SHAGARI
SOKOTO,33,SO,15,Silame,33/15/,Sokoto North,BINJI/SILAME
SOKOTO,33,SO,16,Sokoto North,33/16/,Sokoto North,SOKOTO NORTH/SOUTH
SOKOTO,33,SO,17,Sokoto South,33/17/,Sokoto North,SOKOTO NORTH/SOUTH
SOKOTO,33,SO,18,Tambuwal,33/18/,Sokoto South,TAMBUWAL-KEBBE
SOKOTO,33,SO,19,Tangaza,33/19/,Sokoto North,TANGAZA/GUDU
SOKOTO,33,SO,20,Tureta,33/20/,Sokoto South,DANGE SHUNI/BODINGA/TURETA
SOKOTO,33,SO,21,Wamakko,33/21/,Sokoto North,KWARE/WAMMAKO
SOKOTO,33,SO,22,Wurno,33/22/,Sokoto East,WURNO/RABBAH
SOKOTO,33,SO,23,Yabo,33/23/,Sokoto South,YABO/SHAGARI
TARABA,34,TA,1,Ardo-Kola,34/01/,Taraba North,ARDO-KOLA/LAU/KARIM-LAMIDO
TARABA,34,TA,2,Bali,34/02/,Taraba Central,BALI/GASSOL
TARABA,34,TA,3,Donga,34/03/,Taraba South,TAKUM/DONGA/USSA
TARABA,34,TA,4,Gashaka,34/04/,Taraba Central,GASHAKA/KURMI/SARDAUNA
TARABA,34,TA,5,Gassol,34/05/,Taraba Central,BALI/GASSOL
TARABA,34,TA,6,Ibi,34/06/,Taraba South,WUKARI/IBI
TARABA,34,TA,7,Jalingo,34/07/,Taraba North,JALINGO/ YORRO/ ZING
TARABA,34,TA,8,Karim-Lamido,34/08/,Taraba North,ARDO-KOLA/LAU/KARIM-LAMIDO
TARABA,34,TA,9,Kurmi,34/09/,Taraba Central,GASHAKA/KURMI/SARDAUNA
TARABA,34,TA,10,Lau,34/10/,Taraba North,ARDO-KOLA/LAU/KARIM-LAMIDO
TARABA,34,TA,11,Sardauna,34/11/,Taraba Central,GASHAKA/KURMI/SARDAUNA
TARABA,34,TA,12,Takum,34/12/,Taraba South,TAKUM/DONGA/USSA
TARABA,34,TA,13,USSA,34/13/,Taraba South,TAKUM/DONGA/USSA
TARABA,34,TA,14,Wukari,34/14/,Taraba South,WUKARI/IBI
TARABA,34,TA,15,Yorro,34/15/,Taraba North,JALINGO/ YORRO/ ZING
TARABA,34,TA,16,Zing,34/16/,Taraba North,JALINGO/ YORRO/ ZING
YOBE,35,YO,1,Bade,35/01/,Yobe North,BADE/JAKUSKO
YOBE,35,YO,2,Bursari,35/02/,Yobe East,BURSARI/GEIDAM/YUNUSARI
YOBE,35,YO,3,Damaturu,35/03/,Yobe East,GULANI/GUJBA/DAMATURU/TARMUWA
YOBE,35,YO,4,Fika,35/04/,Yobe South,FIKA/FUNE
YOBE,35,YO,5,Fune,35/05/,Yobe South,FIKA/FUNE
YOBE,35,YO,6,Geidam,35/06/,Yobe East,BURSARI/GEIDAM/YUNUSARI
YOBE,35,YO,7,Gujba,35/07/,Yobe East,GULANI/GUJBA/DAMATURU/TARMUWA
YOBE,35,YO,8,Gulani,35/08/,Yobe East,GULANI/GUJBA/DAMATURU/TARMUWA
YOBE,35,YO,9,Jakusko,35/09/,Yobe North,BADE/JAKUSKO
YOBE,35,YO,10,Karasuwa,35/10/,Yobe North,MACHINA/ NGURU/ KARASUWA/YUSUFARI
YOBE,35,YO,11,Machina,35/11/,Yobe North,MACHINA/ NGURU/ KARASUWA/YUSUFARI
YOBE,35,YO,12,Nangere,35/12/,Yobe South,NANGERE/POTISKUM
YOBE,35,YO,13,Nguru,35/13/,Yobe North,MACHINA/ NGURU/ KARASUWA/YUSUFARI
YOBE,35,YO,14,Potiskum,35/14/,Yobe South,NANGERE/POTISKUM
YOBE,35,YO,15,Tarmuwa,35/15/,Yobe East,GULANI/GUJBA/DAMATURU/TARMUWA
YOBE,35,YO,16,Yunusari,35/16/,Yobe East,BURSARI/GEIDAM/YUNUSARI
YOBE,35,YO,17,Yusufari,35/17/,Yobe North,MACHINA/ NGURU/ KARASUWA/YUSUFARI
ZAMFARA,36,ZA,1,Anka,36/01/,Zamfara West,ANKA//TALATA-MAFARA
ZAMFARA,36,ZA,2,Bakura,36/02/,Zamfara West,MARADUN/BAKURA
ZAMFARA,36,ZA,3,Birnin Magaji,36/03/,Zamfara North,KAURA-NAMODA/BIRNIN MAGAJI
ZAMFARA,36,ZA,4,Bukkuyum,36/04/,Zamfara West,GUMMI/BUKKUYUM
ZAMFARA,36,ZA,5,Bungudu,36/05/,Zamfara Central,MARU/BUNGUDU
ZAMFARA,36,ZA,6,Gummi,36/06/,Zamfara West,GUMMI/BUKKUYUM
ZAMFARA,36,ZA,7,Gusau,36/07/,Zamfara Central,TSAFE/GUSAU
ZAMFARA,36,ZA,8,Kaura-Namoda,36/08/,Zamfara North,KAURA-NAMODA/BIRNIN MAGAJI
ZAMFARA,36,ZA,9,Maradun,36/09/,Zamfara West,MARADUN/BAKURA
ZAMFARA,36,ZA,10,Maru,36/10/,Zamfara Central,MARU/BUNGUDU
ZAMFARA,36,ZA,11,Shinkafi,36/11/,Zamfara North,SHINKAFI/ZURMI
ZAMFARA,36,ZA,12,Talata-Mafara,36/12/,Zamfara West,ANKA//TALATA-MAFARA
ZAMFARA,36,ZA,13,Tsafe,36/13/,Zamfara Central,TSAFE/GUSAU
ZAMFARA,36,ZA,14,Zurmi,36/14/,Zamfara North,SHINKAFI/ZURMI
FCT,37,FC,1,Abaji,37/01/,FCT Senate,Abaji/Gwagwalada/Kwali/Kuje
FCT,37,FC,2,Bwari,37/02/,FCT Senate,Municipal/Bwari
FCT,37,FC,3,Gwagwalada,37/03/,FCT Senate,Abaji/Gwagwalada/Kwali/Kuje
FCT,37,FC,4,Kuje,37/04/,FCT Senate,Abaji/Gwagwalada/Kwali/Kuje
FCT,37,FC,5,Kwali,37/05/,FCT Senate,Abaji/Gwagwalada/Kwali/Kuje
FCT,37,FC,6,Municipal,37/06/,FCT Senate,Municipal/Bwari
