legal_name,place_kind,place_name,organisation_kind,organisation_name,position_title
L.C. Bebee,Province,KwaZulu-Natal,KwaZulu-Natal Provincial Legislature Committee,Conservation and Environment Committee,Committee Member
L.C. Bebee,Province,KwaZulu-Natal,KwaZulu-Natal Provincial Legislature Committee,Coop Gov & Trad Affairs,Committee Member
L.C. Bebee,Province,KwaZulu-Natal,KwaZulu-Natal Provincial Legislature Committee,Quality of Life Committee,Committee Member
L.C. Bebee,Province,KwaZulu-Natal,KwaZulu-Natal Provincial Legislature Committee,Transport Committee,Alternate Member
L.C. Bebee,Province,KwaZulu-Natal,Political Party,African National Congress (ANC),Party Member
L.C. Bebee,Province,KwaZulu-Natal,Provincial Legislature,KwaZulu-Natal Provincial Legislature,Member of the Provincial Legislature
H.M. Blose,Province,KwaZulu-Natal,KwaZulu-Natal Provincial Legislature Committee,Agriculture and Rural Development Committee,Committee Member
H.M. Blose,Province,KwaZulu-Natal,KwaZulu-Natal Provincial Legislature Committee,Arts and Culture Committee,Alternate Member
H.M. Blose,Province,KwaZulu-Natal,KwaZulu-Natal Provincial Legislature Committee,Human Settlement Committee,Committee Member
H.M. Blose,Province,KwaZulu-Natal,KwaZulu-Natal Provincial Legislature Committee,Social Development Committee,Committee Member
H.M. Blose,Province,KwaZulu-Natal,KwaZulu-Natal Provincial Legislature Committee,Works Committee,Alternate Member
H.M. Blose,Province,KwaZulu-Natal,Political Party,African National Congress (ANC),Party Member
H.M. Blose,Province,KwaZulu-Natal,Provincial Legislature,KwaZulu-Natal Provincial Legislature,Deputy Chair of Chairs
H.M. Blose,Province,KwaZulu-Natal,Provincial Legislature,KwaZulu-Natal Provincial Legislature,Member of the Provincial Legislature
M.E. Buthelezi,Province,KwaZulu-Natal,KwaZulu-Natal Provincial Legislature Committee,Finance Committee,Committee Member
M.E. Buthelezi,Province,KwaZulu-Natal,KwaZulu-Natal Provincial Legislature Committee,Premier and Royal Household Committee,Alternate Member
M.E. Buthelezi,Province,KwaZulu-Natal,KwaZulu-Natal Provincial Legislature Committee,Quality of Life Committee,Alternate Member
M.E. Buthelezi,Province,KwaZulu-Natal,KwaZulu-Natal Provincial Legislature Committee,SCOPA Committee,Committee Member
M.E. Buthelezi,Province,KwaZulu-Natal,KwaZulu-Natal Provincial Legislature Committee,Social Development Committee,Committee Member
M.E. Buthelezi,Province,KwaZulu-Natal,Political Party,Inkatha Freedom Party (IFP),Party Member
M.E. Buthelezi,Province,KwaZulu-Natal,Provincial Legislature,KwaZulu-Natal Provincial Legislature,Member of the Provincial Legislature
T.P. Cele,Province,KwaZulu-Natal,Political Party,African National Congress (ANC),Party Member
T.P. Cele,Province,KwaZulu-Natal,Provincial Legislature,KwaZulu-Natal Provincial Legislature,Member of the Provincial Legislature
H.L. Combrinck,Province,KwaZulu-Natal,KwaZulu-Natal Provincial Legislature Committee,Agriculture and Rural Development Committee,Committee Member
H.L. Combrinck,Province,KwaZulu-Natal,KwaZulu-Natal Provincial Legislature Committee,Conservation and Environment Committee,Committee Member
H.L. Combrinck,Province,KwaZulu-Natal,KwaZulu-Natal Provincial Legislature Committee,Human Settlement Committee,Alternate Member
H.L. Combrinck,Province,KwaZulu-Natal,KwaZulu-Natal Provincial Legislature Committee,Premier and Royal Household Committee,Alternate Member
H.L. Combrinck,Province,KwaZulu-Natal,KwaZulu-Natal Provincial Legislature Committee,Works Committee,Alternate Member
H.L. Combrinck,Province,KwaZulu-Natal,Political Party,Inkatha Freedom Party (IFP),Party Member
H.L. Combrinck,Province,KwaZulu-Natal,Provincial Legislature,KwaZulu-Natal Provincial Legislature,Chief Whip
H.L. Combrinck,Province,KwaZulu-Natal,Provincial Legislature,KwaZulu-Natal Provincial Legislature,Member of the Provincial Legislature
M.C. Cronje,Province,KwaZulu-Natal,Political Party,African National Congress (ANC),Party Member
M.C. Cronje,Province,KwaZulu-Natal,Provincial Legislature,KwaZulu-Natal Provincial Legislature,Member of the Provincial Legislature
L.J. de Klerk,Province,KwaZulu-Natal,KwaZulu-Natal Provincial Legislature Committee,Community Safety and Liason Committee,Committee Member
L.J. de Klerk,Province,KwaZulu-Natal,KwaZulu-Natal Provincial Legislature Committee,Coop Gov & Trad Affairs,Committee Member
L.J. de Klerk,Province,KwaZulu-Natal,KwaZulu-Natal Provincial Legislature Committee,PMLPPP Committee,Committee Member
L.J. de Klerk,Province,KwaZulu-Natal,KwaZulu-Natal Provincial Legislature Committee,Premier and Royal Household Committee,Alternate Member
L.J. de Klerk,Province,KwaZulu-Natal,KwaZulu-Natal Provincial Legislature Committee,Quality of Life Committee,Alternate Member
L.J. de Klerk,Province,KwaZulu-Natal,Political Party,Inkatha Freedom Party (IFP),Party Member
L.J. de Klerk,Province,KwaZulu-Natal,Provincial Legislature,KwaZulu-Natal Provincial Legislature,Member of the Provincial Legislature
S.M. Dhlomo,Province,KwaZulu-Natal,Political Party,African National Congress (ANC),Party Member
S.M. Dhlomo,Province,KwaZulu-Natal,Provincial Legislature,KwaZulu-Natal Provincial Legislature,Member of the Provincial Legislature
D.D. Dlamini,Province,KwaZulu-Natal,KwaZulu-Natal Provincial Legislature Committee,Agriculture and Rural Development Committee,Alternate Member
D.D. Dlamini,Province,KwaZulu-Natal,KwaZulu-Natal Provincial Legislature Committee,Community Safety and Liason Committee,Committee Member
D.D. Dlamini,Province,KwaZulu-Natal,KwaZulu-Natal Provincial Legislature Committee,Conservation and Environment Committee,Committee Member
D.D. Dlamini,Province,KwaZulu-Natal,KwaZulu-Natal Provincial Legislature Committee,Premier and Royal Household Committee,Committee Member
D.D. Dlamini,Province,KwaZulu-Natal,KwaZulu-Natal Provincial Legislature Committee,Transport Committee,Alternate Member
D.D. Dlamini,Province,KwaZulu-Natal,Political Party,African National Congress (ANC),Party Member
D.D. Dlamini,Province,KwaZulu-Natal,Provincial Legislature,KwaZulu-Natal Provincial Legislature,Member of the Provincial Legislature
M.E. Dlungwane,Province,KwaZulu-Natal,KwaZulu-Natal Provincial Legislature Committee,Agriculture and Rural Development Committee,Alternate Member
M.E. Dlungwane,Province,KwaZulu-Natal,KwaZulu-Natal Provincial Legislature Committee,Economic Development and Tourism Committee,Committee Member
M.E. Dlungwane,Province,KwaZulu-Natal,KwaZulu-Natal Provincial Legislature Committee,Human Settlement Committee,Committee Member
M.E. Dlungwane,Province,KwaZulu-Natal,KwaZulu-Natal Provincial Legislature Committee,Public Works Committee,Committee Member
M.E. Dlungwane,Province,KwaZulu-Natal,Political Party,African National Congress (ANC),Party Member
M.E. Dlungwane,Province,KwaZulu-Natal,Provincial Legislature,KwaZulu-Natal Provincial Legislature,Member of the Provincial Legislature
M.E. Dlungwane,Province,KwaZulu-Natal,Provincial Legislature,KwaZulu-Natal Provincial Legislature,Whip
Jo-Ann M. Downs,Province,KwaZulu-Natal,KwaZulu-Natal Provincial Legislature Committee,Agriculture and Rural Development Committee,Committee Member
Jo-Ann M. Downs,Province,KwaZulu-Natal,KwaZulu-Natal Provincial Legislature Committee,Arts and Culture Committee,Committee Member
Jo-Ann M. Downs,Province,KwaZulu-Natal,KwaZulu-Natal Provincial Legislature Committee,Coop Gov & Trad Affairs,Committee Member
Jo-Ann M. Downs,Province,KwaZulu-Natal,KwaZulu-Natal Provincial Legislature Committee,Economic Development and Tourism Committee,Alternate Member
Jo-Ann M. Downs,Province,KwaZulu-Natal,KwaZulu-Natal Provincial Legislature Committee,Education Committee,Alternate Member
Jo-Ann M. Downs,Province,KwaZulu-Natal,KwaZulu-Natal Provincial Legislature Committee,Finance Committee,Committee Member
Jo-Ann M. Downs,Province,KwaZulu-Natal,KwaZulu-Natal Provincial Legislature Committee,Health Committee,Alternate Member
Jo-Ann M. Downs,Province,KwaZulu-Natal,KwaZulu-Natal Provincial Legislature Committee,Human Settlement Committee,Alternate Member
Jo-Ann M. Downs,Province,KwaZulu-Natal,KwaZulu-Natal Provincial Legislature Committee,Premier and Royal Household Committee,Alternate Member
Jo-Ann M. Downs,Province,KwaZulu-Natal,KwaZulu-Natal Provincial Legislature Committee,SCOPA Committee,Committee Member
Jo-Ann M. Downs,Province,KwaZulu-Natal,KwaZulu-Natal Provincial Legislature Committee,Social Development Committee,Alternate Member
Jo-Ann M. Downs,Province,KwaZulu-Natal,KwaZulu-Natal Provincial Legislature Committee,Works Committee,Alternate Member
Jo-Ann M. Downs,Province,KwaZulu-Natal,Political Party,African Christian Democratic Party (ACDP),Party Member
Jo-Ann M. Downs,Province,KwaZulu-Natal,Provincial Legislature,KwaZulu-Natal Provincial Legislature,Member of the Provincial Legislature
E.V. Dube,Province,KwaZulu-Natal,KwaZulu-Natal Provincial Legislature Committee,Economic Development and Tourism Committee,Committee Member
E.V. Dube,Province,KwaZulu-Natal,KwaZulu-Natal Provincial Legislature Committee,Health Committee,Committee Member
E.V. Dube,Province,KwaZulu-Natal,KwaZulu-Natal Provincial Legislature Committee,PMLPPP Committee,Alternate Member
E.V. Dube,Province,KwaZulu-Natal,KwaZulu-Natal Provincial Legislature Committee,Premier and Royal Household Committee,Alternate Member
E.V. Dube,Province,KwaZulu-Natal,KwaZulu-Natal Provincial Legislature Committee,Quality of Life Committee,Committee Member
E.V. Dube,Province,KwaZulu-Natal,Political Party,African National Congress (ANC),Party Member
E.V. Dube,Province,KwaZulu-Natal,Provincial Legislature,KwaZulu-Natal Provincial Legislature,Member of the Provincial Legislature
E.V. Dube,Province,KwaZulu-Natal,Provincial Legislature,KwaZulu-Natal Provincial Legislature,Whip
N. Dube,Province,KwaZulu-Natal,KwaZulu-Natal Provincial Legislature Committee,Economic Development and Tourism Committee,Committee Member
N. Dube,Province,KwaZulu-Natal,Political Party,African National Congress (ANC),Party Member
N. Dube,Province,KwaZulu-Natal,Provincial Legislature,KwaZulu-Natal Provincial Legislature,Member of the Provincial Legislature
S.A. Duma,Province,KwaZulu-Natal,KwaZulu-Natal Provincial Legislature Committee,Economic Development and Tourism Committee,Committee Member
S.A. Duma,Province,KwaZulu-Natal,KwaZulu-Natal Provincial Legislature Committee,Finance Committee,Committee Member
S.A. Duma,Province,KwaZulu-Natal,KwaZulu-Natal Provincial Legislature Committee,Loc Gvt & Traditional Affairs,Alternate Member
S.A. Duma,Province,KwaZulu-Natal,KwaZulu-Natal Provincial Legislature Committee,SCOPA Committee,Committee Member
S.A. Duma,Province,KwaZulu-Natal,Political Party,African National Congress (ANC),Party Member
S.A. Duma,Province,KwaZulu-Natal,Provincial Legislature,KwaZulu-Natal Provincial Legislature,Member of the Provincial Legislature
M.C. Frazer,Province,KwaZulu-Natal,KwaZulu-Natal Provincial Legislature Committee,Education Committee,Committee Member
M.C. Frazer,Province,KwaZulu-Natal,KwaZulu-Natal Provincial Legislature Committee,Human Settlement Committee,Committee Member
M.C. Frazer,Province,KwaZulu-Natal,KwaZulu-Natal Provincial Legislature Committee,Public Works Committee,Chair
M.C. Frazer,Province,KwaZulu-Natal,KwaZulu-Natal Provincial Legislature Committee,Public Works Committee,Committee Member
M.C. Frazer,Province,KwaZulu-Natal,KwaZulu-Natal Provincial Legislature Committee,Sports and Recreation Committee,Alternate Member
M.C. Frazer,Province,KwaZulu-Natal,Political Party,African National Congress (ANC),Party Member
M.C. Frazer,Province,KwaZulu-Natal,Provincial Legislature,KwaZulu-Natal Provincial Legislature,Member of the Provincial Legislature
L.S. Gabela,Province,KwaZulu-Natal,KwaZulu-Natal Provincial Legislature Committee,Agriculture and Rural Development Committee,Alternate Member
L.S. Gabela,Province,KwaZulu-Natal,KwaZulu-Natal Provincial Legislature Committee,Community Safety and Liason Committee,Committee Member
L.S. Gabela,Province,KwaZulu-Natal,KwaZulu-Natal Provincial Legislature Committee,Conservation and Environment Committee,Alternate Member
L.S. Gabela,Province,KwaZulu-Natal,KwaZulu-Natal Provincial Legislature Committee,Economic Development and Tourism Committee,Committee Member
L.S. Gabela,Province,KwaZulu-Natal,KwaZulu-Natal Provincial Legislature Committee,Finance Committee,Alternate Member
L.S. Gabela,Province,KwaZulu-Natal,KwaZulu-Natal Provincial Legislature Committee,Loc Gvt & Traditional Affairs,Alternate Member
L.S. Gabela,Province,KwaZulu-Natal,KwaZulu-Natal Provincial Legislature Committee,PMLPPP Committee,Committee Member
L.S. Gabela,Province,KwaZulu-Natal,KwaZulu-Natal Provincial Legislature Committee,Premier and Royal Household Committee,Alternate Member
L.S. Gabela,Province,KwaZulu-Natal,KwaZulu-Natal Provincial Legislature Committee,Public Works Committee,Committee Member
L.S. Gabela,Province,KwaZulu-Natal,KwaZulu-Natal Provincial Legislature Committee,Quality of Life Committee,Alternate Member
L.S. Gabela,Province,KwaZulu-Natal,KwaZulu-Natal Provincial Legislature Committee,SCOPA Committee,Alternate Member
L.S. Gabela,Province,KwaZulu-Natal,KwaZulu-Natal Provincial Legislature Committee,Transport Committee,Committee Member
L.S. Gabela,Province,KwaZulu-Natal,Political Party,Congress of the People (COPE),Party Member
L.S. Gabela,Province,KwaZulu-Natal,Provincial Legislature,KwaZulu-Natal Provincial Legislature,Member of the Provincial Legislature
S.J. Gcabashe,Province,KwaZulu-Natal,KwaZulu-Natal Provincial Legislature Committee,Economic Development and Tourism Committee,Alternate Member
S.J. Gcabashe,Province,KwaZulu-Natal,KwaZulu-Natal Provincial Legislature Committee,Finance Committee,Committee Member
S.J. Gcabashe,Province,KwaZulu-Natal,KwaZulu-Natal Provincial Legislature Committee,PMLPPP Committee,Alternate Member
S.J. Gcabashe,Province,KwaZulu-Natal,KwaZulu-Natal Provincial Legislature Committee,Premier and Royal Household Committee,Committee Member
S.J. Gcabashe,Province,KwaZulu-Natal,KwaZulu-Natal Provincial Legislature Committee,SCOPA Committee,Committee Member
S.J. Gcabashe,Province,KwaZulu-Natal,Political Party,African National Congress (ANC),Party Member
S.J. Gcabashe,Province,KwaZulu-Natal,Provincial Legislature,KwaZulu-Natal Provincial Legislature,Chair of Committees
S.J. Gcabashe,Province,KwaZulu-Natal,Provincial Legislature,KwaZulu-Natal Provincial Legislature,Member of the Provincial Legislature
L. Govender,Province,KwaZulu-Natal,KwaZulu-Natal Provincial Legislature Committee,Economic Development and Tourism Committee,Committee Member
L. Govender,Province,KwaZulu-Natal,KwaZulu-Natal Provincial Legislature Committee,Social Development Committee,Committee Member
L. Govender,Province,KwaZulu-Natal,Political Party,Inkatha Freedom Party (IFP),Party Member
L. Govender,Province,KwaZulu-Natal,Provincial Legislature,KwaZulu-Natal Provincial Legislature,Member of the Provincial Legislature
M. GovenderProvince,KwaZulu-Natal,KwaZulu-Natal Provincial Legislature Committee,Conservation and Environment Committee,Alternate Member
M. GovenderProvince,KwaZulu-Natal,KwaZulu-Natal Provincial Legislature Committee,Finance Committee,Committee Member
M. GovenderProvince,KwaZulu-Natal,KwaZulu-Natal Provincial Legislature Committee,Human Settlement Committee,Alternate Member
M. GovenderProvince,KwaZulu-Natal,KwaZulu-Natal Provincial Legislature Committee,Public Works Committee,Committee Member
M. GovenderProvince,KwaZulu-Natal,KwaZulu-Natal Provincial Legislature Committee,SCOPA Committee,Committee Member
M. Govender,Province,KwaZulu-Natal,KwaZulu-Natal Provincial Legislature Committee,Finance Committee,Committee Member
M. Govender,Province,KwaZulu-Natal,KwaZulu-Natal Provincial Legislature Committee,Health Committee,Chair
M. Govender,Province,KwaZulu-Natal,KwaZulu-Natal Provincial Legislature Committee,Health Committee,Committee Member
M. Govender,Province,KwaZulu-Natal,KwaZulu-Natal Provincial Legislature Committee,Public Works Committee,Committee Member
M. Govender,Province,KwaZulu-Natal,KwaZulu-Natal Provincial Legislature Committee,SCOPA Committee,Committee Member
M. Govender,Province,KwaZulu-Natal,Political Party,African National Congress (ANC),Party Member
M. Govender,Province,KwaZulu-Natal,Provincial Legislature,KwaZulu-Natal Provincial Legislature,Member of the Provincial Legislature
M. Govender,Province,KwaZulu-Natal,KwaZulu-Natal Provincial Legislature Committee,Health Committee,Committee Member
P. Govender,Province,KwaZulu-Natal,KwaZulu-Natal Provincial Legislature Committee,Economic Development and Tourism Committee,Committee Member
P. Govender,Province,KwaZulu-Natal,KwaZulu-Natal Provincial Legislature Committee,Education Committee,Alternate Member
P. Govender,Province,KwaZulu-Natal,KwaZulu-Natal Provincial Legislature Committee,Finance Committee,Alternate Member
P. Govender,Province,KwaZulu-Natal,KwaZulu-Natal Provincial Legislature Committee,Health Committee,Alternate Member
P. Govender,Province,KwaZulu-Natal,KwaZulu-Natal Provincial Legislature Committee,SCOPA Committee,Alternate Member
P. Govender,Province,KwaZulu-Natal,KwaZulu-Natal Provincial Legislature Committee,Social Development Committee,Committee Member
M.B. Gwala,Province,KwaZulu-Natal,KwaZulu-Natal Provincial Legislature Committee,Community Safety and Liason Committee,Committee Member
M.B. Gwala,Province,KwaZulu-Natal,KwaZulu-Natal Provincial Legislature Committee,Finance Committee,Alternate Member
M.B. Gwala,Province,KwaZulu-Natal,KwaZulu-Natal Provincial Legislature Committee,Loc Gvt & Traditional Affairs,Alternate Member
M.B. Gwala,Province,KwaZulu-Natal,KwaZulu-Natal Provincial Legislature Committee,Premier and Royal Household Committee,Committee Member
M.B. Gwala,Province,KwaZulu-Natal,KwaZulu-Natal Provincial Legislature Committee,SCOPA Committee,Alternate Member
M.B. Gwala,Province,KwaZulu-Natal,Political Party,Inkatha Freedom Party (IFP),Party Member
M.B. Gwala,Province,KwaZulu-Natal,Provincial Legislature,KwaZulu-Natal Provincial Legislature,Leader of the opposition
M.B. Gwala,Province,KwaZulu-Natal,Provincial Legislature,KwaZulu-Natal Provincial Legislature,Member of the Provincial Legislature
L.X.H. Hlongwa,Province,KwaZulu-Natal,KwaZulu-Natal Provincial Legislature Committee,Community Safety and Liason Committee,Committee Member
L.X.H. Hlongwa,Province,KwaZulu-Natal,KwaZulu-Natal Provincial Legislature Committee,Education Committee,Chair
L.X.H. Hlongwa,Province,KwaZulu-Natal,KwaZulu-Natal Provincial Legislature Committee,Education Committee,Committee Member
L.X.H. Hlongwa,Province,KwaZulu-Natal,KwaZulu-Natal Provincial Legislature Committee,Finance Committee,Alternate Member
L.X.H. Hlongwa,Province,KwaZulu-Natal,KwaZulu-Natal Provincial Legislature Committee,Transport Committee,Committee Member
L.X.H. Hlongwa,Province,KwaZulu-Natal,KwaZulu-Natal Provincial Legislature Committee,Works Committee,Alternate Member
L.X.H. Hlongwa,Province,KwaZulu-Natal,Political Party,African National Congress (ANC),Party Member
L.X.H. Hlongwa,Province,KwaZulu-Natal,Provincial Legislature,KwaZulu-Natal Provincial Legislature,Member of the Provincial Legislature
L. Johnson,Province,KwaZulu-Natal,KwaZulu-Natal Provincial Legislature Committee,Finance Committee,Committee Member
L. Johnson,Province,KwaZulu-Natal,KwaZulu-Natal Provincial Legislature Committee,Quality of Life Committee,Alternate Member
L. Johnson,Province,KwaZulu-Natal,Political Party,African National Congress (ANC),Party Member
L. Johnson,Province,KwaZulu-Natal,Provincial Legislature,KwaZulu-Natal Provincial Legislature,Chair of Committees
L. Johnson,Province,KwaZulu-Natal,Provincial Legislature,KwaZulu-Natal Provincial Legislature,Member of the Provincial Legislature
T.M. Kaunda,Province,KwaZulu-Natal,KwaZulu-Natal Provincial Legislature Committee,Community Safety and Liason Committee,Committee Member
T.M. Kaunda,Province,KwaZulu-Natal,KwaZulu-Natal Provincial Legislature Committee,Coop Gov & Trad Affairs,Committee Member
T.M. Kaunda,Province,KwaZulu-Natal,KwaZulu-Natal Provincial Legislature Committee,Transport Committee,Chair
T.M. Kaunda,Province,KwaZulu-Natal,KwaZulu-Natal Provincial Legislature Committee,Transport Committee,Committee Member
T.M. Kaunda,Province,KwaZulu-Natal,Political Party,African National Congress (ANC),Party Member
T.M. Kaunda,Province,KwaZulu-Natal,Provincial Legislature,KwaZulu-Natal Provincial Legislature,Member of the Provincial Legislature
T.M. Kaunda  ,Province,KwaZulu-Natal,KwaZulu-Natal Provincial Legislature Committee,SCOPA Committee,Alternate Member
Radley Keys,Province,KwaZulu-Natal,KwaZulu-Natal Provincial Legislature Committee,Conservation and Environment Committee,Committee Member
Radley Keys,Province,KwaZulu-Natal,KwaZulu-Natal Provincial Legislature Committee,Human Settlement Committee,Alternate Member
Radley Keys,Province,KwaZulu-Natal,KwaZulu-Natal Provincial Legislature Committee,Loc Gvt & Traditional Affairs,Alternate Member
Radley Keys,Province,KwaZulu-Natal,KwaZulu-Natal Provincial Legislature Committee,Transport Committee,Committee Member
Radley Keys,Province,KwaZulu-Natal,Political Party,Democratic Alliance (DA),Party Member
Radley Keys,Province,KwaZulu-Natal,Provincial Legislature,KwaZulu-Natal Provincial Legislature,Member of the Provincial Legislature
M. Khawula,Province,KwaZulu-Natal,KwaZulu-Natal Provincial Legislature Committee,Arts and Culture Committee,Alternate Member
M. Khawula,Province,KwaZulu-Natal,KwaZulu-Natal Provincial Legislature Committee,Economic Development and Tourism Committee,Alternate Member
M. Khawula,Province,KwaZulu-Natal,KwaZulu-Natal Provincial Legislature Committee,Education Committee,Committee Member
M. Khawula,Province,KwaZulu-Natal,KwaZulu-Natal Provincial Legislature Committee,Sports and Recreation Committee,Alternate Member
M. Khawula,Province,KwaZulu-Natal,KwaZulu-Natal Provincial Legislature Committee,Transport Committee,Alternate Member
M. Khawula,Province,KwaZulu-Natal,Political Party,Inkatha Freedom Party (IFP),Party Member
M. Khawula,Province,KwaZulu-Natal,Provincial Legislature,KwaZulu-Natal Provincial Legislature,Member of the Provincial Legislature
M. Khawula,Province,KwaZulu-Natal,Provincial Legislature,KwaZulu-Natal Provincial Legislature,Whip
D.N. Khuzwayo,Province,KwaZulu-Natal,KwaZulu-Natal Provincial Legislature Committee,Arts and Culture Committee,Committee Member
D.N. Khuzwayo,Province,KwaZulu-Natal,KwaZulu-Natal Provincial Legislature Committee,Human Settlement Committee,Alternate Member
D.N. Khuzwayo,Province,KwaZulu-Natal,KwaZulu-Natal Provincial Legislature Committee,Social Development Committee,Committee Member
D.N. Khuzwayo,Province,KwaZulu-Natal,KwaZulu-Natal Provincial Legislature Committee,Sports and Recreation Committee,Committee Member
D.N. Khuzwayo,Province,KwaZulu-Natal,Political Party,African National Congress (ANC),Party Member
D.N. Khuzwayo,Province,KwaZulu-Natal,Provincial Legislature,KwaZulu-Natal Provincial Legislature,Member of the Provincial Legislature
J. Krog,Province,KwaZulu-Natal,KwaZulu-Natal Provincial Legislature Committee,Agriculture and Rural Development Committee,Alternate Member
J. Krog,Province,KwaZulu-Natal,KwaZulu-Natal Provincial Legislature Committee,Community Safety and Liason Committee,Alternate Member
J. Krog,Province,KwaZulu-Natal,KwaZulu-Natal Provincial Legislature Committee,Premier and Royal Household Committee,Alternate Member
J.H. Krog,Province,KwaZulu-Natal,KwaZulu-Natal Provincial Legislature Committee,Economic Development and Tourism Committee,Committee Member
J.H. Krog,Province,KwaZulu-Natal,KwaZulu-Natal Provincial Legislature Committee,Finance Committee,Committee Member
Johann Krog,Province,KwaZulu-Natal,KwaZulu-Natal Provincial Legislature Committee,Economic Development and Tourism Committee,Committee Member
Johann Krog,Province,KwaZulu-Natal,KwaZulu-Natal Provincial Legislature Committee,Finance Committee,Committee Member
Johann Krog,Province,KwaZulu-Natal,Political Party,Democratic Alliance (DA),Party Member
Johann Krog,Province,KwaZulu-Natal,Provincial Legislature,KwaZulu-Natal Provincial Legislature,Member of the Provincial Legislature
legal_name,place_kind,place_name,organisation_kind,organisation_name,position_title
Z.M. Ludidi,Province,KwaZulu-Natal,KwaZulu-Natal Provincial Legislature Committee,Education Committee,Alternate Member
Z.M. Ludidi,Province,KwaZulu-Natal,KwaZulu-Natal Provincial Legislature Committee,PMLPPP Committee,Committee Member
Z.M. Ludidi,Province,KwaZulu-Natal,KwaZulu-Natal Provincial Legislature Committee,Sports and Recreation Committee,Chair
Z.M. Ludidi,Province,KwaZulu-Natal,KwaZulu-Natal Provincial Legislature Committee,Sports and Recreation Committee,Committee Member
Z.M. Ludidi,Province,KwaZulu-Natal,KwaZulu-Natal Provincial Legislature Committee,Transport Committee,Committee Member
Z.M. Ludidi,Province,KwaZulu-Natal,Political Party,African National Congress (ANC),Party Member
Z.M. Ludidi,Province,KwaZulu-Natal,Provincial Legislature,KwaZulu-Natal Provincial Legislature,Member of the Provincial Legislature
M. Mabuyakhulu,Province,KwaZulu-Natal,Political Party,African National Congress (ANC),Party Member
M. Mabuyakhulu,Province,KwaZulu-Natal,Provincial Legislature,KwaZulu-Natal Provincial Legislature,Member of the Provincial Legislature
M.Z.N. Madlala,Province,KwaZulu-Natal,KwaZulu-Natal Provincial Legislature Committee,Agriculture and Rural Development Committee,Committee Member
M.Z.N. Madlala,Province,KwaZulu-Natal,KwaZulu-Natal Provincial Legislature Committee,Conservation and Environment Committee,Alternate Member
M.Z.N. Madlala,Province,KwaZulu-Natal,KwaZulu-Natal Provincial Legislature Committee,Human Settlement Committee,Alternate Member
M.Z.N. Madlala,Province,KwaZulu-Natal,KwaZulu-Natal Provincial Legislature Committee,Loc Gvt & Traditional Affairs,Alternate Member
M.Z.N. Madlala,Province,KwaZulu-Natal,KwaZulu-Natal Provincial Legislature Committee,Public Works Committee,Committee Member
M.Z.N. Madlala,Province,KwaZulu-Natal,Political Party,Inkatha Freedom Party (IFP),Party Member
M.Z.N. Madlala,Province,KwaZulu-Natal,Provincial Legislature,KwaZulu-Natal Provincial Legislature,Member of the Provincial Legislature
M.Z.N. Madlala,Province,KwaZulu-Natal,Provincial Legislature,KwaZulu-Natal Provincial Legislature,MPL
R. Maharaj,Province,KwaZulu-Natal,KwaZulu-Natal Provincial Legislature Committee,Arts and Culture Committee,Committee Member
R. Maharaj,Province,KwaZulu-Natal,KwaZulu-Natal Provincial Legislature Committee,Education Committee,Committee Member
R. Maharaj,Province,KwaZulu-Natal,KwaZulu-Natal Provincial Legislature Committee,Social Development Committee,Alternate Member
R. Maharaj,Province,KwaZulu-Natal,KwaZulu-Natal Provincial Legislature Committee,Sports and Recreation Committee,Committee Member
R. Maharaj,Province,KwaZulu-Natal,KwaZulu-Natal Provincial Legislature Committee,Transport Committee,Alternate Member
R. Maharaj,Province,KwaZulu-Natal,Political Party,African National Congress (ANC),Party Member
R. Maharaj,Province,KwaZulu-Natal,Provincial Legislature,KwaZulu-Natal Provincial Legislature,Member of the Provincial Legislature
N.R. Majola,Province,KwaZulu-Natal,KwaZulu-Natal Provincial Legislature Committee,Agriculture and Rural Development Committee,Committee Member
N.R. Majola,Province,KwaZulu-Natal,KwaZulu-Natal Provincial Legislature Committee,Conservation and Environment Committee,Alternate Member
N.R. Majola,Province,KwaZulu-Natal,KwaZulu-Natal Provincial Legislature Committee,Health Committee,Committee Member
N.R. Majola,Province,KwaZulu-Natal,KwaZulu-Natal Provincial Legislature Committee,Public Works Committee,Committee Member
N.R. Majola,Province,KwaZulu-Natal,Political Party,African National Congress (ANC),Party Member
N.R. Majola,Province,KwaZulu-Natal,Provincial Legislature,KwaZulu-Natal Provincial Legislature,Member of the Provincial Legislature
George Mari,Province,KwaZulu-Natal,KwaZulu-Natal Provincial Legislature Committee,Arts and Culture Committee,Committee Member
George Mari,Province,KwaZulu-Natal,KwaZulu-Natal Provincial Legislature Committee,Coop Gov & Trad Affairs,Committee Member
George Mari,Province,KwaZulu-Natal,KwaZulu-Natal Provincial Legislature Committee,Human Settlement Committee,Committee Member
George Mari,Province,KwaZulu-Natal,KwaZulu-Natal Provincial Legislature Committee,PMLPPP Committee,Alternate Member
George Mari,Province,KwaZulu-Natal,KwaZulu-Natal Provincial Legislature Committee,Transport Committee,Alternate Member
George Mari,Province,KwaZulu-Natal,KwaZulu-Natal Provincial Legislature Committee,Works Committee,Alternate Member
George Mari,Province,KwaZulu-Natal,Political Party,Democratic Alliance (DA),Party Member
George Mari,Province,KwaZulu-Natal,Provincial Legislature,KwaZulu-Natal Provincial Legislature,Member of the Provincial Legislature
J. Mazibuko,Province,KwaZulu-Natal,KwaZulu-Natal Provincial Legislature Committee,Health Committee,Alternate Member
J. Mazibuko,Province,KwaZulu-Natal,KwaZulu-Natal Provincial Legislature Committee,Human Settlement Committee,Committee Member
J. Mazibuko,Province,KwaZulu-Natal,KwaZulu-Natal Provincial Legislature Committee,Sports and Recreation Committee,Alternate Member
J. Mazibuko,Province,KwaZulu-Natal,KwaZulu-Natal Provincial Legislature Committee,Works Committee,Alternate Member
M.J. Mazibuko,Province,KwaZulu-Natal,KwaZulu-Natal Provincial Legislature Committee,Human Settlement Committee,Committee Member
M.J. Mazibuko,Province,KwaZulu-Natal,KwaZulu-Natal Provincial Legislature Committee,Transport Committee,Committee Member
M.J. Mazibuko,Province,KwaZulu-Natal,Political Party,Inkatha Freedom Party (IFP),Party Member
M.J. Mazibuko,Province,KwaZulu-Natal,Provincial Legislature,KwaZulu-Natal Provincial Legislature,Member of the Provincial Legislature
E.S. Mchunu,Province,KwaZulu-Natal,KwaZulu-Natal Provincial Legislature Committee,Community Safety and Liason Committee,Committee Member
E.S. Mchunu,Province,KwaZulu-Natal,KwaZulu-Natal Provincial Legislature Committee,Premier and Royal Household Committee,Committee Member
E.S. Mchunu,Province,KwaZulu-Natal,KwaZulu-Natal Provincial Legislature Committee,SCOPA Committee,Alternate Member
E.S. Mchunu,Province,KwaZulu-Natal,KwaZulu-Natal Provincial Legislature Committee,Social Development Committee,Alternate Member
E.S. Mchunu,Province,KwaZulu-Natal,KwaZulu-Natal Provincial Legislature Committee,Sports and Recreation Committee,Alternate Member
E.S. Mchunu,Province,KwaZulu-Natal,Political Party,African National Congress (ANC),Party Member
E.S. Mchunu,Province,KwaZulu-Natal,Provincial Legislature,KwaZulu-Natal Provincial Legislature,Member of the Provincial Legislature
E.S. Mchunu,Province,KwaZulu-Natal,Provincial Legislature,KwaZulu-Natal Provincial Legislature,Premier
Sizwe Mchunu,Province,KwaZulu-Natal,KwaZulu-Natal Provincial Legislature Committee,Community Safety and Liason Committee,Committee Member
Sizwe Mchunu,Province,KwaZulu-Natal,KwaZulu-Natal Provincial Legislature Committee,Premier and Royal Household Committee,Committee Member
Sizwe Mchunu,Province,KwaZulu-Natal,Political Party,Democratic Alliance (DA),Party Member
Sizwe Mchunu,Province,KwaZulu-Natal,Provincial Legislature,KwaZulu-Natal Provincial Legislature,Member of the Provincial Legislature
T.W. Mchunu,Province,KwaZulu-Natal,Political Party,African National Congress (ANC),Party Member
T.W. Mchunu,Province,KwaZulu-Natal,Provincial Legislature,KwaZulu-Natal Provincial Legislature,Member of the Provincial Legislature
P.M. McKay,Province,KwaZulu-Natal,KwaZulu-Natal Provincial Legislature Committee,Coop Gov & Trad Affairs,Committee Member
P.M. McKay,Province,KwaZulu-Natal,KwaZulu-Natal Provincial Legislature Committee,Education Committee,Alternate Member
P.M. McKay,Province,KwaZulu-Natal,KwaZulu-Natal Provincial Legislature Committee,Health Committee,Committee Member
P.M. McKay,Province,KwaZulu-Natal,KwaZulu-Natal Provincial Legislature Committee,Public Works Committee,Committee Member
P.M. McKay,Province,KwaZulu-Natal,KwaZulu-Natal Provincial Legislature Committee,SCOPA Committee,Alternate Member
P.M. McKay,Province,KwaZulu-Natal,Political Party,African National Congress (ANC),Party Member
P.M. McKay,Province,KwaZulu-Natal,Provincial Legislature,KwaZulu-Natal Provincial Legislature,Member of the Provincial Legislature
P.M. McKay,Province,KwaZulu-Natal,Provincial Legislature,KwaZulu-Natal Provincial Legislature,Whip
Makhosi Mdlalose,Province,KwaZulu-Natal,KwaZulu-Natal Provincial Legislature Committee,Arts and Culture Committee,Alternate Member
Makhosi Mdlalose,Province,KwaZulu-Natal,KwaZulu-Natal Provincial Legislature Committee,Education Committee,Alternate Member
Makhosi Mdlalose,Province,KwaZulu-Natal,KwaZulu-Natal Provincial Legislature Committee,Health Committee,Committee Member
Makhosi Mdlalose,Province,KwaZulu-Natal,KwaZulu-Natal Provincial Legislature Committee,Premier and Royal Household Committee,Committee Member
Makhosi Mdlalose,Province,KwaZulu-Natal,KwaZulu-Natal Provincial Legislature Committee,Quality of Life Committee,Committee Member
Makhosi Mdlalose,Province,KwaZulu-Natal,KwaZulu-Natal Provincial Legislature Committee,Social Development Committee,Committee Member
Makhosi Mdlalose,Province,KwaZulu-Natal,Political Party,Democratic Alliance (DA),Party Member
Makhosi Mdlalose,Province,KwaZulu-Natal,Provincial Legislature,KwaZulu-Natal Provincial Legislature,Member of the Provincial Legislature
B.N. Mdletshe,Province,KwaZulu-Natal,KwaZulu-Natal Provincial Legislature Committee,Agriculture and Rural Development Committee,Alternate Member
B.N. Mdletshe,Province,KwaZulu-Natal,KwaZulu-Natal Provincial Legislature Committee,Arts and Culture Committee,Alternate Member
B.N. Mdletshe,Province,KwaZulu-Natal,KwaZulu-Natal Provincial Legislature Committee,Conservation and Environment Committee,Committee Member
B.N. Mdletshe,Province,KwaZulu-Natal,KwaZulu-Natal Provincial Legislature Committee,Coop Gov & Trad Affairs,Committee Member
B.N. Mdletshe,Province,KwaZulu-Natal,KwaZulu-Natal Provincial Legislature Committee,Health Committee,Committee Member
B.N. Mdletshe,Province,KwaZulu-Natal,KwaZulu-Natal Provincial Legislature Committee,Premier and Royal Household Committee,Committee Member
B.N. Mdletshe,Province,KwaZulu-Natal,Political Party,Inkatha Freedom Party (IFP),Party Member
B.N. Mdletshe,Province,KwaZulu-Natal,Provincial Legislature,KwaZulu-Natal Provincial Legislature,Chairperson of the causus
B.N. Mdletshe,Province,KwaZulu-Natal,Provincial Legislature,KwaZulu-Natal Provincial Legislature,Member of the Provincial Legislature
L.N. Mkhize,Province,KwaZulu-Natal,KwaZulu-Natal Provincial Legislature Committee,Community Safety and Liason Committee,Committee Member
L.N. Mkhize,Province,KwaZulu-Natal,KwaZulu-Natal Provincial Legislature Committee,Health Committee,Alternate Member
L.N. Mkhize,Province,KwaZulu-Natal,KwaZulu-Natal Provincial Legislature Committee,Loc Gvt & Traditional Affairs,Alternate Member
L.N. Mkhize,Province,KwaZulu-Natal,KwaZulu-Natal Provincial Legislature Committee,Premier and Royal Household Committee,Committee Member
L.N. Mkhize,Province,KwaZulu-Natal,Political Party,African National Congress (ANC),Party Member
L.N. Mkhize,Province,KwaZulu-Natal,Provincial Legislature,KwaZulu-Natal Provincial Legislature,Deputy Chief Whip
L.N. Mkhize,Province,KwaZulu-Natal,Provincial Legislature,KwaZulu-Natal Provincial Legislature,Member of the Provincial Legislature
Z. Mlaba,Province,KwaZulu-Natal,KwaZulu-Natal Provincial Legislature Committee,Coop Gov & Trad Affairs,Committee Member
Z. Mlaba,Province,KwaZulu-Natal,KwaZulu-Natal Provincial Legislature Committee,PMLPPP Committee,Committee Member
Z. Mlaba,Province,KwaZulu-Natal,KwaZulu-Natal Provincial Legislature Committee,Premier and Royal Household Committee,Chair
Z. Mlaba,Province,KwaZulu-Natal,Political Party,African National Congress (ANC),Party Member
Z. Mlaba,Province,KwaZulu-Natal,Provincial Legislature,KwaZulu-Natal Provincial Legislature,Member of the Provincial Legislature
Z. Mlabaza,Province,KwaZulu-Natal,KwaZulu-Natal Provincial Legislature Committee,Coop Gov & Trad Affairs,Committee Member
Z. Mlabaza,Province,KwaZulu-Natal,KwaZulu-Natal Provincial Legislature Committee,Economic Development and Tourism Committee,Alternate Member
L.A. Mncwango,Province,KwaZulu-Natal,KwaZulu-Natal Provincial Legislature Committee,Education Committee,Alternate Member
L.A. Mncwango,Province,KwaZulu-Natal,KwaZulu-Natal Provincial Legislature Committee,Finance Committee,Alternate Member
L.A. Mncwango,Province,KwaZulu-Natal,KwaZulu-Natal Provincial Legislature Committee,PMLPPP Committee,Alternate Member
L.A. Mncwango,Province,KwaZulu-Natal,KwaZulu-Natal Provincial Legislature Committee,SCOPA Committee,Alternate Member
L.A. Mncwango,Province,KwaZulu-Natal,KwaZulu-Natal Provincial Legislature Committee,Transport Committee,Committee Member
L.A. Mncwango,Province,KwaZulu-Natal,Political Party,Inkatha Freedom Party (IFP),Party Member
L.A. Mncwango,Province,KwaZulu-Natal,Provincial Legislature,KwaZulu-Natal Provincial Legislature,Member of the Provincial Legislature
B.S. Mohlaka,Province,KwaZulu-Natal,KwaZulu-Natal Provincial Legislature Committee,Health Committee,Committee Member
B.S. Mohlaka,Province,KwaZulu-Natal,KwaZulu-Natal Provincial Legislature Committee,PMLPPP Committee,Committee Member
B.S. Mohlaka,Province,KwaZulu-Natal,KwaZulu-Natal Provincial Legislature Committee,Quality of Life Committee,Committee Member
B.S. Mohlaka,Province,KwaZulu-Natal,KwaZulu-Natal Provincial Legislature Committee,Social Development Committee,Alternate Member
B.S. Mohlaka,Province,KwaZulu-Natal,Political Party,Inkatha Freedom Party (IFP),Party Member
B.S. Mohlaka,Province,KwaZulu-Natal,Provincial Legislature,KwaZulu-Natal Provincial Legislature,Member of the Provincial Legislature
S. Moodley,Province,KwaZulu-Natal,KwaZulu-Natal Provincial Legislature Committee,Arts and Culture Committee,Alternate Member
S. Moodley,Province,KwaZulu-Natal,KwaZulu-Natal Provincial Legislature Committee,Conservation and Environment Committee,Alternate Member
S. Moodley,Province,KwaZulu-Natal,KwaZulu-Natal Provincial Legislature Committee,Economic Development and Tourism Committee,Committee Member
S. Moodley,Province,KwaZulu-Natal,KwaZulu-Natal Provincial Legislature Committee,PMLPPP Committee,Alternate Member
S. Moodley,Province,KwaZulu-Natal,KwaZulu-Natal Provincial Legislature Committee,SCOPA Committee,Committee Member
S. Moodley,Province,KwaZulu-Natal,KwaZulu-Natal Provincial Legislature Committee,Sports and Recreation Committee,Alternate Member
S. Moodley,Province,KwaZulu-Natal,KwaZulu-Natal Provincial Legislature Committee,Transport Committee,Alternate Member
S. Moodley,Province,KwaZulu-Natal,Political Party,Inkatha Freedom Party (IFP),Party Member
S. Moodley,Province,KwaZulu-Natal,Provincial Legislature,KwaZulu-Natal Provincial Legislature,Member of the Provincial Legislature
N.P. Msimango,Province,KwaZulu-Natal,KwaZulu-Natal Provincial Legislature Committee,Agriculture and Rural Development Committee,Alternate Member
N.P. Msimango,Province,KwaZulu-Natal,KwaZulu-Natal Provincial Legislature Committee,Community Safety and Liason Committee,Alternate Member
N.P. Msimango,Province,KwaZulu-Natal,KwaZulu-Natal Provincial Legislature Committee,Human Settlement Committee,Committee Member
N.P. Msimango,Province,KwaZulu-Natal,KwaZulu-Natal Provincial Legislature Committee,PMLPPP Committee,Alternate Member
N.P. Msimango,Province,KwaZulu-Natal,KwaZulu-Natal Provincial Legislature Committee,Quality of Life Committee,Alternate Member
N.P. Msimango,Province,KwaZulu-Natal,KwaZulu-Natal Provincial Legislature Committee,Transport Committee,Alternate Member
N.P. Msimango,Province,KwaZulu-Natal,Political Party,Inkatha Freedom Party (IFP),Party Member
N.P. Msimango,Province,KwaZulu-Natal,Provincial Legislature,KwaZulu-Natal Provincial Legislature,Member of the Provincial Legislature
R.T. Mthembu,Province,KwaZulu-Natal,KwaZulu-Natal Provincial Legislature Committee,Agriculture and Rural Development Committee,Chair
R.T. Mthembu,Province,KwaZulu-Natal,KwaZulu-Natal Provincial Legislature Committee,Agriculture and Rural Development Committee,Committee Member
R.T. Mthembu,Province,KwaZulu-Natal,KwaZulu-Natal Provincial Legislature Committee,Conservation and Environment Committee,Committee Member
R.T. Mthembu,Province,KwaZulu-Natal,KwaZulu-Natal Provincial Legislature Committee,Economic Development and Tourism Committee,Committee Member
R.T. Mthembu,Province,KwaZulu-Natal,KwaZulu-Natal Provincial Legislature Committee,Health Committee,Alternate Member
R.T. Mthembu,Province,KwaZulu-Natal,KwaZulu-Natal Provincial Legislature Committee,Sports and Recreation Committee,Committee Member
R.T. Mthembu,Province,KwaZulu-Natal,Political Party,African National Congress (ANC),Party Member
R.T. Mthembu,Province,KwaZulu-Natal,Provincial Legislature,KwaZulu-Natal Provincial Legislature,Member of the Provincial Legislature
T.P. Mthethwa,Province,KwaZulu-Natal,KwaZulu-Natal Provincial Legislature Committee,Arts and Culture Committee,Committee Member
T.P. Mthethwa,Province,KwaZulu-Natal,KwaZulu-Natal Provincial Legislature Committee,Education Committee,Alternate Member
T.P. Mthethwa,Province,KwaZulu-Natal,KwaZulu-Natal Provincial Legislature Committee,Loc Gvt & Traditional Affairs,Alternate Member
T.P. Mthethwa,Province,KwaZulu-Natal,KwaZulu-Natal Provincial Legislature Committee,Quality of Life Committee,Committee Member
T.P. Mthethwa,Province,KwaZulu-Natal,KwaZulu-Natal Provincial Legislature Committee,Sports and Recreation Committee,Committee Member
T.P. Mthethwa,Province,KwaZulu-Natal,Political Party,Inkatha Freedom Party (IFP),Party Member
T.P. Mthethwa,Province,KwaZulu-Natal,Provincial Legislature,KwaZulu-Natal Provincial Legislature,Member of the Provincial Legislature
M.E. Mthimkhulu,Province,KwaZulu-Natal,Political Party,African National Congress (ANC),Party Member
M.E. Mthimkhulu,Province,KwaZulu-Natal,Provincial Legislature,KwaZulu-Natal Provincial Legislature,Deputy Speaker
M.E. Mthimkhulu,Province,KwaZulu-Natal,Provincial Legislature,KwaZulu-Natal Provincial Legislature,Member of the Provincial Legislature
L.P.H.M. Mtshali,Province,KwaZulu-Natal,KwaZulu-Natal Provincial Legislature Committee,Community Safety and Liason Committee,Alternate Member
L.P.H.M. Mtshali,Province,KwaZulu-Natal,KwaZulu-Natal Provincial Legislature Committee,Economic Development and Tourism Committee,Alternate Member
L.P.H.M. Mtshali,Province,KwaZulu-Natal,KwaZulu-Natal Provincial Legislature Committee,Finance Committee,Committee Member
L.P.H.M. Mtshali,Province,KwaZulu-Natal,KwaZulu-Natal Provincial Legislature Committee,SCOPA Committee,Committee Member
L.P.H.M. Mtshali,Province,KwaZulu-Natal,Political Party,Inkatha Freedom Party (IFP),Party Member
L.P.H.M. Mtshali,Province,KwaZulu-Natal,Provincial Legislature,KwaZulu-Natal Provincial Legislature,Councillor to his Majesty
L.P.H.M. Mtshali,Province,KwaZulu-Natal,Provincial Legislature,KwaZulu-Natal Provincial Legislature,Member of the Provincial Legislature
Y.M. Nahara,Province,KwaZulu-Natal,KwaZulu-Natal Provincial Legislature Committee,Agriculture and Rural Development Committee,Committee Member
Y.M. Nahara,Province,KwaZulu-Natal,KwaZulu-Natal Provincial Legislature Committee,Conservation and Environment Committee,Committee Member
Y.M. Nahara,Province,KwaZulu-Natal,KwaZulu-Natal Provincial Legislature Committee,Economic Development and Tourism Committee,Alternate Member
Y.M. Nahara,Province,KwaZulu-Natal,KwaZulu-Natal Provincial Legislature Committee,Social Development Committee,Chair
Y.M. Nahara,Province,KwaZulu-Natal,KwaZulu-Natal Provincial Legislature Committee,Social Development Committee,Committee Member
Y.M. Nahara,Province,KwaZulu-Natal,Political Party,African National Congress (ANC),Party Member
Y.M. Nahara,Province,KwaZulu-Natal,Provincial Legislature,KwaZulu-Natal Provincial Legislature,Member of the Provincial Legislature
S.V. Naicker,Province,KwaZulu-Natal,KwaZulu-Natal Provincial Legislature Committee,Agriculture and Rural Development Committee,Alternate Member
S.V. Naicker,Province,KwaZulu-Natal,KwaZulu-Natal Provincial Legislature Committee,Conservation and Environment Committee,Alternate Member
S.V. Naicker,Province,KwaZulu-Natal,KwaZulu-Natal Provincial Legislature Committee,Health Committee,Alternate Member
S.V. Naicker,Province,KwaZulu-Natal,KwaZulu-Natal Provincial Legislature Committee,Human Settlement Committee,Alternate Member
S.V. Naicker,Province,KwaZulu-Natal,KwaZulu-Natal Provincial Legislature Committee,Public Works Committee,Committee Member
S.V. Naicker,Province,KwaZulu-Natal,Political Party,Inkatha Freedom Party (IFP),Party Member
S.V. Naicker,Province,KwaZulu-Natal,Provincial Legislature,KwaZulu-Natal Provincial Legislature,Member of the Provincial Legislature
R. Naidoo,Province,KwaZulu-Natal,KwaZulu-Natal Provincial Legislature Committee,Arts and Culture Committee,Alternate Member
R. Naidoo,Province,KwaZulu-Natal,KwaZulu-Natal Provincial Legislature Committee,Coop Gov & Trad Affairs,Committee Member
R. Naidoo,Province,KwaZulu-Natal,KwaZulu-Natal Provincial Legislature Committee,Finance Committee,Committee Member
R. Naidoo,Province,KwaZulu-Natal,KwaZulu-Natal Provincial Legislature Committee,SCOPA Committee,Committee Member
R. Naidoo,Province,KwaZulu-Natal,Political Party,African National Congress (ANC),Party Member
R. Naidoo,Province,KwaZulu-Natal,Provincial Legislature,KwaZulu-Natal Provincial Legislature,Member of the Provincial Legislature
N.W. Ngcobo,Province,KwaZulu-Natal,KwaZulu-Natal Provincial Legislature Committee,Agriculture and Rural Development Committee,Committee Member
N.W. Ngcobo,Province,KwaZulu-Natal,KwaZulu-Natal Provincial Legislature Committee,Human Settlement Committee,Committee Member
N.W. Ngcobo,Province,KwaZulu-Natal,KwaZulu-Natal Provincial Legislature Committee,PMLPPP Committee,Committee Member
N.W. Ngcobo,Province,KwaZulu-Natal,KwaZulu-Natal Provincial Legislature Committee,Social Development Committee,Alternate Member
N.W. Ngcobo,Province,KwaZulu-Natal,Political Party,African National Congress (ANC),Party Member
N.W. Ngcobo,Province,KwaZulu-Natal,Provincial Legislature,KwaZulu-Natal Provincial Legislature,Member of the Provincial Legislature
N.W. Ngcobo,Province,KwaZulu-Natal,Provincial Legislature,KwaZulu-Natal Provincial Legislature,Whip
H.S. Ngxongo,Province,KwaZulu-Natal,KwaZulu-Natal Provincial Legislature Committee,Agriculture and Rural Development Committee,Alternate Member
H.S. Ngxongo,Province,KwaZulu-Natal,KwaZulu-Natal Provincial Legislature Committee,Community Safety and Liason Committee,Alternate Member
H.S. Ngxongo,Province,KwaZulu-Natal,KwaZulu-Natal Provincial Legislature Committee,Human Settlement Committee,Committee Member
H.S. Ngxongo,Province,KwaZulu-Natal,KwaZulu-Natal Provincial Legislature Committee,Premier and Royal Household Committee,Committee Member
H.S. Ngxongo,Province,KwaZulu-Natal,KwaZulu-Natal Provincial Legislature Committee,Sports and Recreation Committee,Committee Member
H.S. Ngxongo,Province,KwaZulu-Natal,Political Party,African National Congress (ANC),Party Member
H.S. Ngxongo,Province,KwaZulu-Natal,Provincial Legislature,KwaZulu-Natal Provincial Legislature,Member of the Provincial Legislature
N.P. Nkonyeni,Province,KwaZulu-Natal,Political Party,African National Congress (ANC),Party Member
N.P. Nkonyeni,Province,KwaZulu-Natal,Provincial Legislature,KwaZulu-Natal Provincial Legislature,Member of the Provincial Legislature
S.C. Nkosi,Province,KwaZulu-Natal,KwaZulu-Natal Provincial Legislature Committee,Arts and Culture Committee,Committee Member
S.C. Nkosi,Province,KwaZulu-Natal,KwaZulu-Natal Provincial Legislature Committee,Education Committee,Committee Member
S.C. Nkosi,Province,KwaZulu-Natal,KwaZulu-Natal Provincial Legislature Committee,SCOPA Committee,Chair
S.C. Nkosi,Province,KwaZulu-Natal,KwaZulu-Natal Provincial Legislature Committee,SCOPA Committee,Committee Member
S.C. Nkosi,Province,KwaZulu-Natal,KwaZulu-Natal Provincial Legislature Committee,Social Development Committee,Committee Member
S.C. Nkosi,Province,KwaZulu-Natal,KwaZulu-Natal Provincial Legislature Committee,Sports and Recreation Committee,Alternate Member
S.C. Nkosi,Province,KwaZulu-Natal,Political Party,African National Congress (ANC),Party Member
S.C. Nkosi,Province,KwaZulu-Natal,Provincial Legislature,KwaZulu-Natal Provincial Legislature,Member of the Provincial Legislature
N.J. Nkwanyana,Province,KwaZulu-Natal,KwaZulu-Natal Provincial Legislature Committee,Community Safety and Liason Committee,Alternate Member
N.J. Nkwanyana,Province,KwaZulu-Natal,KwaZulu-Natal Provincial Legislature Committee,Economic Development and Tourism Committee,Alternate Member
N.J. Nkwanyana,Province,KwaZulu-Natal,KwaZulu-Natal Provincial Legislature Committee,Health Committee,Committee Member
N.J. Nkwanyana,Province,KwaZulu-Natal,KwaZulu-Natal Provincial Legislature Committee,Social Development Committee,Alternate Member
M.V. Noel,Province,KwaZulu-Natal,KwaZulu-Natal Provincial Legislature Committee,PMLPPP Committee,Committee Member
M.V. Noel,Province,KwaZulu-Natal,Political Party,African National Congress (ANC),Party Member
M.V. Noel,Province,KwaZulu-Natal,Provincial Legislature,KwaZulu-Natal Provincial Legislature,Member of the Provincial Legislature
N. Noel,Province,KwaZulu-Natal,KwaZulu-Natal Provincial Legislature Committee,Community Safety and Liason Committee,Alternate Member
N. Noel,Province,KwaZulu-Natal,KwaZulu-Natal Provincial Legislature Committee,PMLPPP Committee,Committee Member
V. Noel,Province,KwaZulu-Natal,KwaZulu-Natal Provincial Legislature Committee,Arts and Culture Committee,Alternate Member
V. Noel,Province,KwaZulu-Natal,KwaZulu-Natal Provincial Legislature Committee,Human Settlement Committee,Alternate Member
N. Ntombela,Province,KwaZulu-Natal,KwaZulu-Natal Provincial Legislature Committee,Economic Development and Tourism Committee,Chair
N. Ntombela,Province,KwaZulu-Natal,KwaZulu-Natal Provincial Legislature Committee,Economic Development and Tourism Committee,Committee Member
N. Ntombela,Province,KwaZulu-Natal,KwaZulu-Natal Provincial Legislature Committee,Education Committee,Committee Member
N. Ntombela,Province,KwaZulu-Natal,KwaZulu-Natal Provincial Legislature Committee,Finance Committee,Alternate Member
N. Ntombela,Province,KwaZulu-Natal,KwaZulu-Natal Provincial Legislature Committee,Health Committee,Committee Member
N. Ntombela,Province,KwaZulu-Natal,Political Party,African National Congress (ANC),Party Member
N. Ntombela,Province,KwaZulu-Natal,Provincial Legislature,KwaZulu-Natal Provincial Legislature,Member of the Provincial Legislature
B. Ntuli,Province,KwaZulu-Natal,KwaZulu-Natal Provincial Legislature Committee,Community Safety and Liason Committee,Committee Member
B. Ntuli,Province,KwaZulu-Natal,KwaZulu-Natal Provincial Legislature Committee,Conservation and Environment Committee,Alternate Member
B. Ntuli,Province,KwaZulu-Natal,KwaZulu-Natal Provincial Legislature Committee,Premier and Royal Household Committee,Committee Member
B. Ntuli,Province,KwaZulu-Natal,KwaZulu-Natal Provincial Legislature Committee,Transport Committee,Committee Member
M. Ntuli,Province,KwaZulu-Natal,KwaZulu-Natal Provincial Legislature Committee,Conservation and Environment Committee,Committee Member
M. Ntuli,Province,KwaZulu-Natal,KwaZulu-Natal Provincial Legislature Committee,PMLPPP Committee,Committee Member
M. Ntuli,Province,KwaZulu-Natal,KwaZulu-Natal Provincial Legislature Committee,Premier and Royal Household Committee,Alternate Member
M. Ntuli,Province,KwaZulu-Natal,KwaZulu-Natal Provincial Legislature Committee,Sports and Recreation Committee,Committee Member
M.B. Ntuli,Province,KwaZulu-Natal,KwaZulu-Natal Provincial Legislature Committee,Community Safety and Liason Committee,Chair
M.B. Ntuli,Province,KwaZulu-Natal,KwaZulu-Natal Provincial Legislature Committee,Community Safety and Liason Committee,Committee Member
M.B. Ntuli,Province,KwaZulu-Natal,KwaZulu-Natal Provincial Legislature Committee,Conservation and Environment Committee,Committee Member
M.B. Ntuli,Province,KwaZulu-Natal,KwaZulu-Natal Provincial Legislature Committee,Premier and Royal Household Committee,Committee Member
M.B. Ntuli,Province,KwaZulu-Natal,KwaZulu-Natal Provincial Legislature Committee,Transport Committee,Committee Member
M.B. Ntuli,Province,KwaZulu-Natal,Political Party,African National Congress (ANC),Party Member
M.B. Ntuli,Province,KwaZulu-Natal,Provincial Legislature,KwaZulu-Natal Provincial Legislature,Member of the Provincial Legislature
M.M. Ntuli,Province,KwaZulu-Natal,KwaZulu-Natal Provincial Legislature Committee,PMLPPP Committee,Committee Member
M.M. Ntuli,Province,KwaZulu-Natal,KwaZulu-Natal Provincial Legislature Committee,Sports and Recreation Committee,Committee Member
M.M. Ntuli,Province,KwaZulu-Natal,Political Party,African National Congress (ANC),Party Member
M.M. Ntuli,Province,KwaZulu-Natal,Provincial Legislature,KwaZulu-Natal Provincial Legislature,Member of the Provincial Legislature
R.R. Pillay,Province,KwaZulu-Natal,Political Party,African National Congress (ANC),Party Member
R.R. Pillay,Province,KwaZulu-Natal,Provincial Legislature,KwaZulu-Natal Provincial Legislature,Member of the Provincial Legislature
B.M. Radebe,Province,KwaZulu-Natal,Political Party,African National Congress (ANC),Party Member
B.M. Radebe,Province,KwaZulu-Natal,Provincial Legislature,KwaZulu-Natal Provincial Legislature,Member of the Provincial Legislature
B.F. Scott,Province,KwaZulu-Natal,KwaZulu-Natal Provincial Legislature Committee,Economic Development and Tourism Committee,Committee Member
B.F. Scott,Province,KwaZulu-Natal,KwaZulu-Natal Provincial Legislature Committee,Finance Committee,Chair
B.F. Scott,Province,KwaZulu-Natal,KwaZulu-Natal Provincial Legislature Committee,Finance Committee,Committee Member
B.F. Scott,Province,KwaZulu-Natal,KwaZulu-Natal Provincial Legislature Committee,Loc Gvt & Traditional Affairs,Alternate Member
B.F. Scott,Province,KwaZulu-Natal,KwaZulu-Natal Provincial Legislature Committee,SCOPA Committee,Committee Member
B.F. Scott,Province,KwaZulu-Natal,Political Party,African National Congress (ANC),Party Member
B.F. Scott,Province,KwaZulu-Natal,Provincial Legislature,KwaZulu-Natal Provincial Legislature,Member of the Provincial Legislature
L.F. Shabalala,Province,KwaZulu-Natal,KwaZulu-Natal Provincial Legislature Committee,Community Safety and Liason Committee,Committee Member
L.F. Shabalala,Province,KwaZulu-Natal,KwaZulu-Natal Provincial Legislature Committee,Health Committee,Committee Member
L.F. Shabalala,Province,KwaZulu-Natal,KwaZulu-Natal Provincial Legislature Committee,PMLPPP Committee,Alternate Member
L.F. Shabalala,Province,KwaZulu-Natal,KwaZulu-Natal Provincial Legislature Committee,Sports and Recreation Committee,Committee Member
L.F. Shabalala,Province,KwaZulu-Natal,KwaZulu-Natal Provincial Legislature Committee,Transport Committee,Committee Member
L.F. Shabalala,Province,KwaZulu-Natal,Political Party,African National Congress (ANC),Party Member
L.F. Shabalala,Province,KwaZulu-Natal,Provincial Legislature,KwaZulu-Natal Provincial Legislature,Chief Whip
L.F. Shabalala,Province,KwaZulu-Natal,Provincial Legislature,KwaZulu-Natal Provincial Legislature,Member of the Provincial Legislature
N.B. Shabalala,Province,KwaZulu-Natal,KwaZulu-Natal Provincial Legislature Committee,Arts and Culture Committee,Committee Member
N.B. Shabalala,Province,KwaZulu-Natal,KwaZulu-Natal Provincial Legislature Committee,Education Committee,Committee Member
N.B. Shabalala,Province,KwaZulu-Natal,KwaZulu-Natal Provincial Legislature Committee,Social Development Committee,Alternate Member
N.B. Shabalala,Province,KwaZulu-Natal,KwaZulu-Natal Provincial Legislature Committee,Sports and Recreation Committee,Committee Member
N.B. Shabalala,Province,KwaZulu-Natal,KwaZulu-Natal Provincial Legislature Committee,Works Committee,Alternate Member
N.B. Shabalala,Province,KwaZulu-Natal,Political Party,Inkatha Freedom Party (IFP),Party Member
N.B. Shabalala,Province,KwaZulu-Natal,Provincial Legislature,KwaZulu-Natal Provincial Legislature,Member of the Provincial Legislature
A. Shelembe,Province,KwaZulu-Natal,Political Party,African National Congress (ANC),Party Member
A. Shelembe,Province,KwaZulu-Natal,Provincial Legislature,KwaZulu-Natal Provincial Legislature,Member of the Provincial Legislature
N.N. Sibhidla- Saphetha,Province,KwaZulu-Natal,Political Party,African National Congress (ANC),Party Member
N.N. Sibhidla- Saphetha,Province,KwaZulu-Natal,Provincial Legislature,KwaZulu-Natal Provincial Legislature,Member of the Provincial Legislature
N.D. Sikosana,Province,KwaZulu-Natal,KwaZulu-Natal Provincial Legislature Committee,Arts and Culture Committee,Committee Member
N.D. Sikosana,Province,KwaZulu-Natal,KwaZulu-Natal Provincial Legislature Committee,Health Committee,Alternate Member
N.D. Sikosana,Province,KwaZulu-Natal,KwaZulu-Natal Provincial Legislature Committee,Quality of Life Committee,Chair
N.D. Sikosana,Province,KwaZulu-Natal,KwaZulu-Natal Provincial Legislature Committee,Quality of Life Committee,Committee Member
N.D. Sikosana,Province,KwaZulu-Natal,KwaZulu-Natal Provincial Legislature Committee,Social Development Committee,Committee Member
N.D. Sikosana,Province,KwaZulu-Natal,Political Party,African National Congress (ANC),Party Member
N.D. Sikosana,Province,KwaZulu-Natal,Provincial Legislature,KwaZulu-Natal Provincial Legislature,Member of the Provincial Legislature
A. Singh,Province,KwaZulu-Natal,KwaZulu-Natal Provincial Legislature Committee,Agriculture and Rural Development Committee,Committee Member
A. Singh,Province,KwaZulu-Natal,KwaZulu-Natal Provincial Legislature Committee,Community Safety and Liason Committee,Alternate Member
A. Singh,Province,KwaZulu-Natal,KwaZulu-Natal Provincial Legislature Committee,Conservation and Environment Committee,Chair
A. Singh,Province,KwaZulu-Natal,KwaZulu-Natal Provincial Legislature Committee,Conservation and Environment Committee,Committee Member
A. Singh,Province,KwaZulu-Natal,KwaZulu-Natal Provincial Legislature Committee,SCOPA Committee,Alternate Member
A. Singh,Province,KwaZulu-Natal,KwaZulu-Natal Provincial Legislature Committee,Transport Committee,Committee Member
A. Singh,Province,KwaZulu-Natal,Political Party,African National Congress (ANC),Party Member
A. Singh,Province,KwaZulu-Natal,Provincial Legislature,KwaZulu-Natal Provincial Legislature,Member of the Provincial Legislature
Mark Steele,Province,KwaZulu-Natal,KwaZulu-Natal Provincial Legislature Committee,Agriculture and Rural Development Committee,Committee Member
Mark Steele,Province,KwaZulu-Natal,KwaZulu-Natal Provincial Legislature Committee,Economic Development and Tourism Committee,Alternate Member
Mark Steele,Province,KwaZulu-Natal,KwaZulu-Natal Provincial Legislature Committee,Health Committee,Alternate Member
Mark Steele,Province,KwaZulu-Natal,KwaZulu-Natal Provincial Legislature Committee,PMLPPP Committee,Committee Member
Mark Steele,Province,KwaZulu-Natal,KwaZulu-Natal Provincial Legislature Committee,SCOPA Committee,Committee Member
Mark Steele,Province,KwaZulu-Natal,Political Party,Democratic Alliance (DA),Party Member
Mark Steele,Province,KwaZulu-Natal,Provincial Legislature,KwaZulu-Natal Provincial Legislature,Member of the Provincial Legislature
Tom Stokes,Province,KwaZulu-Natal,KwaZulu-Natal Provincial Legislature Committee,Conservation and Environment Committee,Alternate Member
Tom Stokes,Province,KwaZulu-Natal,KwaZulu-Natal Provincial Legislature Committee,Education Committee,Committee Member
Tom Stokes,Province,KwaZulu-Natal,KwaZulu-Natal Provincial Legislature Committee,Finance Committee,Alternate Member
Tom Stokes,Province,KwaZulu-Natal,KwaZulu-Natal Provincial Legislature Committee,Public Works Committee,Committee Member
Tom Stokes,Province,KwaZulu-Natal,KwaZulu-Natal Provincial Legislature Committee,Quality of Life Committee,Alternate Member
Tom Stokes,Province,KwaZulu-Natal,KwaZulu-Natal Provincial Legislature Committee,Sports and Recreation Committee,Committee Member
Tom Stokes,Province,KwaZulu-Natal,Political Party,Democratic Alliance (DA),Party Member
Tom Stokes,Province,KwaZulu-Natal,Provincial Legislature,KwaZulu-Natal Provincial Legislature,Member of the Provincial Legislature
G.N. Swaartbooi,Province,KwaZulu-Natal,KwaZulu-Natal Provincial Legislature Committee,Coop Gov & Trad Affairs,Chair
G.N. Swaartbooi,Province,KwaZulu-Natal,KwaZulu-Natal Provincial Legislature Committee,Coop Gov & Trad Affairs,Committee Member
G.N. Swaartbooi,Province,KwaZulu-Natal,KwaZulu-Natal Provincial Legislature Committee,Education Committee,Committee Member
G.N. Swaartbooi,Province,KwaZulu-Natal,KwaZulu-Natal Provincial Legislature Committee,Quality of Life Committee,Committee Member
G.N. Swaartbooi,Province,KwaZulu-Natal,KwaZulu-Natal Provincial Legislature Committee,Sports and Recreation Committee,Alternate Member
G.N. Swaartbooi,Province,KwaZulu-Natal,Political Party,African National Congress (ANC),Party Member
G.N. Swaartbooi,Province,KwaZulu-Natal,Provincial Legislature,KwaZulu-Natal Provincial Legislature,Member of the Provincial Legislature
V.V. Tambo,Province,KwaZulu-Natal,KwaZulu-Natal Provincial Legislature Committee,Arts and Culture Committee,Chair
V.V. Tambo,Province,KwaZulu-Natal,KwaZulu-Natal Provincial Legislature Committee,Arts and Culture Committee,Committee Member
V.V. Tambo,Province,KwaZulu-Natal,KwaZulu-Natal Provincial Legislature Committee,Quality of Life Committee,Committee Member
V.V. Tambo,Province,KwaZulu-Natal,KwaZulu-Natal Provincial Legislature Committee,Social Development Committee,Committee Member
V.V. Tambo,Province,KwaZulu-Natal,KwaZulu-Natal Provincial Legislature Committee,Works Committee,Alternate Member
V.V. Tambo,Province,KwaZulu-Natal,Political Party,African National Congress (ANC),Party Member
V.V. Tambo,Province,KwaZulu-Natal,Provincial Legislature,KwaZulu-Natal Provincial Legislature,Member of the Provincial Legislature
Shameen Thakur-Rajbansi,Province,KwaZulu-Natal,KwaZulu-Natal Provincial Legislature Committee,Arts and Culture Committee,Alternate Member
Shameen Thakur-Rajbansi,Province,KwaZulu-Natal,KwaZulu-Natal Provincial Legislature Committee,Community Safety and Liason Committee,Alternate Member
Shameen Thakur-Rajbansi,Province,KwaZulu-Natal,KwaZulu-Natal Provincial Legislature Committee,Economic Development and Tourism Committee,Alternate Member
Shameen Thakur-Rajbansi,Province,KwaZulu-Natal,KwaZulu-Natal Provincial Legislature Committee,Education Committee,Committee Member
Shameen Thakur-Rajbansi,Province,KwaZulu-Natal,KwaZulu-Natal Provincial Legislature Committee,Health Committee,Committee Member
Shameen Thakur-Rajbansi,Province,KwaZulu-Natal,KwaZulu-Natal Provincial Legislature Committee,PMLPPP Committee,Alternate Member
Shameen Thakur-Rajbansi,Province,KwaZulu-Natal,KwaZulu-Natal Provincial Legislature Committee,Quality of Life Committee,Committee Member
Shameen Thakur-Rajbansi,Province,KwaZulu-Natal,KwaZulu-Natal Provincial Legislature Committee,Social Development Committee,Committee Member
Shameen Thakur-Rajbansi,Province,KwaZulu-Natal,KwaZulu-Natal Provincial Legislature Committee,Sports and Recreation Committee,Alternate Member
Shameen Thakur-Rajbansi,Province,KwaZulu-Natal,KwaZulu-Natal Provincial Legislature Committee,Works Committee,Alternate Member
Shameen Thakur-Rajbansi,Province,KwaZulu-Natal,Political Party,Minority Front (MF),Party Member
Shameen Thakur-Rajbansi,Province,KwaZulu-Natal,Provincial Legislature,KwaZulu-Natal Provincial Legislature,Member of the Provincial Legislature
W.G. Thusi,Province,KwaZulu-Natal,Political Party,African National Congress (ANC),Party Member
W.G. Thusi,Province,KwaZulu-Natal,Provincial Legislature,KwaZulu-Natal Provincial Legislature,Member of the Provincial Legislature
W.P. Zondi,Province,KwaZulu-Natal,KwaZulu-Natal Provincial Legislature Committee,Arts and Culture Committee,Committee Member
W.P. Zondi,Province,KwaZulu-Natal,KwaZulu-Natal Provincial Legislature Committee,Public Works Committee,Committee Member
W.P. Zondi,Province,KwaZulu-Natal,KwaZulu-Natal Provincial Legislature Committee,Quality of Life Committee,Alternate Member
W.P. Zondi,Province,KwaZulu-Natal,KwaZulu-Natal Provincial Legislature Committee,Social Development Committee,Alternate Member
W.P. Zondi,Province,KwaZulu-Natal,KwaZulu-Natal Provincial Legislature Committee,Sports and Recreation Committee,Committee Member
W.P. Zondi,Province,KwaZulu-Natal,Political Party,African National Congress (ANC),Party Member
W.P. Zondi,Province,KwaZulu-Natal,Provincial Legislature,KwaZulu-Natal Provincial Legislature,Member of the Provincial Legislature
L.L. Zwane,Province,KwaZulu-Natal,KwaZulu-Natal Provincial Legislature Committee,Education Committee,Alternate Member
L.L. Zwane,Province,KwaZulu-Natal,KwaZulu-Natal Provincial Legislature Committee,Finance Committee,Alternate Member
L.L. Zwane,Province,KwaZulu-Natal,KwaZulu-Natal Provincial Legislature Committee,Human Settlement Committee,Chair
L.L. Zwane,Province,KwaZulu-Natal,KwaZulu-Natal Provincial Legislature Committee,Human Settlement Committee,Committee Member
L.L. Zwane,Province,KwaZulu-Natal,KwaZulu-Natal Provincial Legislature Committee,Premier and Royal Household Committee,Committee Member
L.L. Zwane,Province,KwaZulu-Natal,KwaZulu-Natal Provincial Legislature Committee,Quality of Life Committee,Committee Member
L.L. Zwane,Province,KwaZulu-Natal,Political Party,African National Congress (ANC),Party Member
L.L. Zwane,Province,KwaZulu-Natal,Provincial Legislature,KwaZulu-Natal Provincial Legislature,Member of the Provincial Legislature
