Same/Different,API Name,API Party,API Place,API Candidate Code,Mz Legal Name,Mz Other Names,Mz URL,Mz Parties Ever,Mz Aspirant Ever,Mz Politician Ever,Mz ID
Same,GIDEON KIPSIELEI TOWETT MOI,KENYA AFRICAN NATIONAL UNION,BARINGO (county),374A24AF-DB66-E211-A3B9-00505687000D,Gideon Kipsiele Towett Moi,Gideon Kipsiele Towett Moi,http://info.mzalendo.com/person/gideon-moi/,Kenya African National Union,Aspirant Senator at Baringo (County 2013-),,305
Same,JULIUS KIPYEGON KONES,KENYA NATIONAL CONGRESS,BOMET (county),8054B0DB-8569-E211-B91E-005056870012,Julius Kipyegon Kones,Julius Kipyegon Kones,http://info.mzalendo.com/person/julius-kones/,Orange Democratic Movement,,Member of Parliament at Konoin (Constituency 2007-2013),53
Same (Post vying for not listed),JOHN KIPSANG ARAP KOECH,KENYA AFRICAN NATIONAL UNION,BOMET (county),304A24AF-DB66-E211-A3B9-00505687000D,John Kipsang Koech,,http://info.mzalendo.com/person/john-koech/,Kenya African National Union,,,310
Same,ANTHONY KIPKOSGE KIMETO,UNITED DEMOCRATIC MOVEMENT,BOMET (county),474B6ADB-F36A-E211-A5C8-005056870012,Anthony Kimeto,Anthony Kimeto,http://info.mzalendo.com/person/anthony-kimeto/,Kenya African National Union,,,351
Same,KENNETH MAKELO LUSAKA,NEW FORD KENYA,BUNGOMA (county),4B68FDD7-576D-E211-A5C8-005056870012,Kenneth Lusaka,Kenneth Lusaka,http://info.mzalendo.com/person/kenneth-lusaka/,New Ford Kenya,Aspirant Governor at Bungoma (County 2013-),,417
Same,ALFRED KHANGATI,ORANGE DEMOCRATIC MOVEMENT,BUNGOMA (county),719CBEA9-486C-E211-A5C8-005056870012,Alfred Khang'ati,,http://info.mzalendo.com/person/alfred-khangati/,Orange Democratic Movement,Aspirant Governor at Bungoma (County 2013-),Member of Parliament at Kanduyi (Constituency 2007-2013),42
Same,MUSIKARI NAZI KOMBO,NEW FORD KENYA,BUNGOMA (county),D98B83CC-4F6D-E211-A5C8-005056870012,Musikari Nazi Kombo,Musikari Kombo,http://info.mzalendo.com/person/musikari-kombo/,"Forum For The Restoration Of Democracy - Kenya, New Ford Kenya, Party of National Unity","Aspirant Senator at Bungoma (County 2013-), Aspirant Senator at Bungoma (County 2013-)",Nominated Member of Parliament at None,218
Same (switched parties?),MOSES MASIKA WETANGULA,FORUM FOR RESTORATION OF DEMOCRACY-KENYA,BUNGOMA (county),3DE21315-0269-E211-9497-005056870012,Moses Masika Wetangula,Moses Masika Wetangula,http://info.mzalendo.com/person/moses-wetangula/,"Kenya African National Union, Party of National Unity","Aspirant Senator at Bungoma (County 2013-), Aspirant President at Kenya (Country)",Member of Parliament at Sirisia (Constituency 2007-2013),210
Same,MUKHISA KITUYI,UNITED DEMOCRATIC FORUM PARTY,BUNGOMA (county),809CBEA9-486C-E211-A5C8-005056870012,Mukhisa Kituyi,Mukhisa Kituyi,http://info.mzalendo.com/person/mukhisa-kituyi/,"National Rainbow Coalition, United Democratic Forum Party (UDF)",Aspirant Senator at Bungoma (County 2013-),,293
Same,JULIA  AUMA OJIAMBO,THE LABOUR PARTY OF KENYA,BUSIA (county),91C3F6FC-1F6A-E211-B91E-005056870012,Julia Auma Ojiambo,Julia Auma Ojiambo,http://info.mzalendo.com/person/julia-ojiambo/,,Aspirant Women representative at Busia (County 2013-),,362
Same,ONESIMUS KIPCHUMBA MURKOMEN,UNITED REPUBLICAN PARTY,ELGEYO/MARAKWET (county),BA5485EE-3569-E211-9497-005056870012,Onesimus Kipchumba Murkomen,Onesimus Kipchumba Murkomen,http://info.mzalendo.com/person/kipchumba-murkomen/,United Republican Party (URP),Aspirant Senator at Elgeyo-Marakwet (County 2013-),,440
Same,MARTIN NYAGA WAMBORA,THE NATIONAL ALLIANCE,EMBU (county),EC5CE7D1-9B67-E211-8158-00505687000D,Martin Nyaga Wambora,Martin Nyaga Wambora,http://info.mzalendo.com/person/martin-wambora/,"National Rainbow Coalition, The National Alliance (TNA)",Aspirant Governor at Embu (County 2013-),,285
Same,PETER NJERU NDWIGA,THE NATIONAL ALLIANCE,EMBU (county),F25CE7D1-9B67-E211-8158-00505687000D,Peter Njeru Ndwiga,Peter Njeru Ndwiga,http://info.mzalendo.com/person/Peter-ndwiga/,"Democratic Party, National Rainbow Coalition, The National Alliance (TNA)",Aspirant Senator at Embu (County 2013-),,278
Same,LENNY MAXWELL KIVUTI,ALLIANCE PARTY OF KENYA,EMBU (county),9B00B5AE-C466-E211-A3B9-00505687000D,Lenny Maxwell Kivuti,Lenny Maxwell Kivuti,http://info.mzalendo.com/person/lenny-kivuti/,"Alliance Party of Kenya (APK), Safina Party Of Kenya",Aspirant Senator at Embu (County 2013-),Member of Parliament at Siakago (Constituency 2007-2013),55
Same,ROSEMARY WANJA NTHIGA,RESTORE AND BUILD KENYA,EMBU (county),46D8FA30-D366-E211-A3B9-00505687000D,Rosemary Wanja Nthiga,Rosemary Wanja Nthiga,http://info.mzalendo.com/person/rosemary-wanja-nthiga/,,Aspirant Women representative at Embu (County 2013-),,413
Same,FARAH MAALIM,ORANGE DEMOCRATIC MOVEMENT,GARISSA (county),849CBEA9-486C-E211-A5C8-005056870012,Farah Maalim Mohamed,Farah Maalim Mohamed,http://info.mzalendo.com/person/farah-maalim/,Orange Democratic Movement,Aspirant Senator at Garissa (County 2013-),Member of Parliament at Lagdera (Constituency 2007-2013),16
Same,GERALD OTIENO KAJWANG,ORANGE DEMOCRATIC MOVEMENT,HOMA BAY (county),3E511AF3-7F6B-E211-A5C8-005056870012,Gerald Otieno Kajwang,Gerald Otieno Kajwang,http://info.mzalendo.com/person/otieno-kajwang/,"Forum For The Restoration Of Democracy - Kenya, National Rainbow Coalition, Orange Democratic Movement",,Member of Parliament at Mbita (Constituency 2007-2013),164
Same,SOITA PETER SHITANDA,NEW FORD KENYA,KAKAMEGA (county),9E95C437-B96C-E211-A5C8-005056870012,Peter Soita Shitanda,Peter Soita Shitanda,http://info.mzalendo.com/person/soita-shitanda/,"Forum For The Restoration Of Democracy - Kenya, National Rainbow Coalition, New Ford Kenya",Aspirant Governor at Kakamega (County 2013-),Member of Parliament at Malava (Constituency 2007-2013),207
Same,JAPHETH KIPKEMOI  ROB,,KERICHO (county),9ECEE547-886C-E211-A5C8-005056870012,Japheth Kipkemoi Rob,,http://info.mzalendo.com/person/japheth-kipkemoi-rob/,,Aspirant Senator at Kericho (County 2013-),,480
Same,CHARLES CHERUIYOT KETER,UNITED REPUBLICAN PARTY,KERICHO (county),0806377F-396C-E211-A5C8-005056870012,Charles Cheruiyot Keter,Charles Cheruiyot Keter,http://info.mzalendo.com/person/charles-keter/,"Orange Democratic Movement, United Republican Party (URP)",Aspirant Senator at Kericho (County 2013-),Member of Parliament at Belgut (Constituency 2007-2013),169
Same (Post vying for not listed),KIPKORIR MARISIN ARAP SANG,KENYA AFRICAN NATIONAL UNION,KERICHO (county),3A4A24AF-DB66-E211-A3B9-00505687000D,Kipkorir Marisin Sang,,http://info.mzalendo.com/person/kipkorir-sang/,Kenya African National Union,,,309
Same,ESTHER CHERONO KEINO,WIPER DEMOCRATIC MOVEMENT- KENYA,KERICHO (county),D81136E6-6B6B-E211-A5C8-005056870012,Esther Keino,Esther Keino,http://info.mzalendo.com/person/esther-keino/,Kenya African National Union,,,359
Same,WILLIAM KABOGO GITAU,THE NATIONAL ALLIANCE,KIAMBU (county),8F71DC5D-E26A-E211-A5C8-005056870012,William Kabogo Gitau,William Kabogo Gitau,http://info.mzalendo.com/person/william-kabogo/,"NARC - Kenya, The National Alliance (TNA)",Aspirant Governor at Kiambu (County 2013-),Member of Parliament at Juja (Constituency 2007-2013),162
Same,BEDAN NG'ANG'A MBUGUA,SAFINA,KIAMBU (county),ECFB947D-0767-E211-A3B9-00505687000D,Bedan Mbugua,Bedan Mbugua,http://info.mzalendo.com/person/bedan-mbugua/,,Aspirant Governor at Kiambu (County 2013-),,478
Same,JAMES KARANJA NYORO,NATIONAL RAINBOW COALITION,KIAMBU (county),6CECD0EB-906C-E211-A5C8-005056870012,James Nyoro,James Nyoro,http://info.mzalendo.com/person/james-nyoro/,National Rainbow Coalition,Aspirant Governor at Kiambu (County 2013-),,470
Same,STANLEY MUNGA GITHUNGURI,KENYA AFRICAN NATIONAL UNION,KIAMBU (county),334A24AF-DB66-E211-A3B9-00505687000D,Stanley Munga Githunguri,Stanley Munga Githunguri,http://info.mzalendo.com/person/stanley-githunguri/,Kenya African National Union,Aspirant Governor at Kiambu (County 2013-),Member of Parliament at Kiambaa (Constituency 2007-2013),21
Same,GEORGE BONIFACE NJAU MBUGUA NYANJA,NATIONAL RAINBOW COALITION,KIAMBU (county),5C81E250-E46C-E211-A5C8-005056870012,George Nyanja,George Nyanja,http://info.mzalendo.com/person/george-nyanja/,"Ford Asili, National Democratic Party, The National Alliance (TNA)",Aspirant Governor at Kiambu (County 2013-),,476
Same (post vying for missing),MORRIS MWACHONDO DZORO,,KILIFI (county),427AB9F7-9467-E211-8158-00505687000D,Morris Mwachondo Dzoro,Morris Mwachondo Dzoro,http://info.mzalendo.com/person/morris-dzoro/,,,,247
Same,SAMSON KEGENGO ONGERI,THE NATIONAL ALLIANCE,KISII (county),B18D53D8-9E67-E211-8158-00505687000D,Samson Kegeo Ongeri,Prof. Sam Ongeri,http://info.mzalendo.com/person/samson-ongeri/,"Kenya African National Union, Kenya African National Union, Kenya African National Union, The National Alliance (TNA)",Aspirant Senator at Kisii (County 2013-),Member of Parliament at Nyaribari Masaba (Constituency 2007-2013),124
Same (post vying for missing),GEORGE OMARI NYAMWEYA,UNITED DEMOCRATIC FORUM PARTY,KISII (county),0A4F659E-AB6B-E211-A5C8-005056870012,George Omari Nyamweya,George Omari Nyamweya,http://info.mzalendo.com/person/george-nyamweya/,Party of National Unity,,Nominated Member of Parliament at None,383
Same,CHRISTOPHER MOGERE OBURE,ORANGE DEMOCRATIC MOVEMENT,KISII (county),9AAE1C48-336C-E211-A5C8-005056870012,Christopher Mogere Obure,Christopher Mogere Obure,http://info.mzalendo.com/person/christopher-obure/,Orange Democratic Movement,Aspirant Senator at Kisii (County 2013-),Member of Parliament at Bobasi (Constituency 2007-2013),118
Same (post vying for missing),JAMES OMINGO MAGARA,PEOPLES DEMOCRATIC PARTY,KISII (county),F710B438-D866-E211-A3B9-00505687000D,James Omingo Magara,James Omingo Magara,http://info.mzalendo.com/person/omingo-magara/,Orange Democratic Movement,,,180
Same,PETER ANYANG' NYONG'O,ORANGE DEMOCRATIC MOVEMENT,KISUMU (county),92CBA6CC-476C-E211-A5C8-005056870012,Peter Anyang' Nyong'o,Peter Anyang' Nyong'o,http://info.mzalendo.com/person/peter-nyongo/,"Forum For The Restoration Of Democracy - Kenya, National Rainbow Coalition, Orange Democratic Movement",Aspirant Senator at Kisumu (County 2013-),Member of Parliament at Kisumu Rural (Constituency 2007-2013),193
Same,PHILIP NZAMBA KITONGA,NATIONAL LABOUR PARTY,KITUI (county),1841A748-8F67-E211-8158-00505687000D,Philip Nzamba Kitonga,Philip Nzamba Kitonga,http://info.mzalendo.com/person/nzamba-kitonga/,National Labour Party,Aspirant Governor at Kitui (County 2013-),,451
Same (post vying for missing),DAVID MUSILA,WIPER DEMOCRATIC MOVEMENT- KENYA,KITUI (county),3A2A2269-8E6C-E211-A5C8-005056870012,David Musila,David Musila,http://info.mzalendo.com/person/david-musila/,Orange Democratic Movement Party Of Kenya,,Member of Parliament at Mwingi South (Constituency 2007-2013),94
Same,CHARITY KALUKI NGILU,NATIONAL RAINBOW COALITION,KITUI (county),EB96EC30-506D-E211-A5C8-005056870012,Charity Kaluki Ngilu,Charity Kaluki Ngilu,http://info.mzalendo.com/person/charity-ngilu/,,Aspirant Senator at Kitui (County 2013-),Member of Parliament at Kitui Central (Constituency 2007-2013),111
Same,WINFRED NYIVA MWENDWA,WIPER DEMOCRATIC MOVEMENT- KENYA,KITUI (county),422A2269-8E6C-E211-A5C8-005056870012,Winfred Nyiva Mwendwa,Winfred Nyiva Mwendwa,http://info.mzalendo.com/person/nyiva-mwendwa/,"Kenya African National Union, Kenya African National Union, National Rainbow Coalition",Aspirant Women representative at Kitui (County 2013-),,275
Same,SIMEON MWERO MKALLA,UNITED DEMOCRATIC FORUM PARTY,KWALE (county),4E784665-3C6C-E211-A5C8-005056870012,Simeon Mkalla,Simeon Mkalla,http://info.mzalendo.com/person/simeon-mkalla/,United Democratic Forum Party (UDF),Aspirant Governor at Kwale (County 2013-),,475
Same,MICHAEL CHIDZAO NYANJE,THE INDEPENDENT PARTY,KWALE (county),09631D4F-8E6C-E211-A5C8-005056870012,Michael Chidzao Nyanje,Michael Chidzao Nyanje,http://info.mzalendo.com/person/michael-nyanje/,,Aspirant Governor at Kwale (County 2013-),,471
Same,CHIRAU ALI MWAKWERE,UNITED REPUBLICAN PARTY,KWALE (county),348FB641-686B-E211-A5C8-005056870012,Chirau Ali Mwakwere,Chirau Ali Mwakwere,http://info.mzalendo.com/person/Chirau-mwakwere/,"Kenya African National Union, Party of National Unity, United Republican Party (URP)","Aspirant Senator at Kwale (County 2013-), Aspirant Senator at Kwale (County 2013-)",Member of Parliament at Matuga (Constituency 2007-2013),189
Same (post vying for missing),NDIRITU MURIITHI,UNITED DEMOCRATIC FORUM PARTY,LAIKIPIA (county),9BB8182E-656C-E211-A5C8-005056870012,Ndiritu Muriithi,Ndiritu Muriithi,http://info.mzalendo.com/person/ndiritu-muriithi/,Party of National Unity,,Member of Parliament at Laikipia West (Constituency 2007-2013),91
Same (post vying for missing),GODFREY GITAHI KARIUKI,THE NATIONAL ALLIANCE,LAIKIPIA (county),FF7AAD90-9F67-E211-8158-00505687000D,Godfrey Gitahi Kariuki,Godfrey Gitahi Kariuki,http://info.mzalendo.com/person/gg-kariuki/,"Kenya African National Union, National Rainbow Coalition",,,330
Same,ABU MOHAMED ABU CHIABA,THE NATIONAL ALLIANCE,LAMU (county),F07AAD90-9F67-E211-8158-00505687000D,Abu Mohamed Chiaba,Abu Mohamed Chiaba,http://info.mzalendo.com/person/Abu-chiaba/,"Kenya African National Union, Kenya African National Union, Party of National Unity, The National Alliance (TNA)",Aspirant Governor at Lamu (County 2013-),Member of Parliament at Lamu East (Constituency 2007-2013),3
Same (switched parties?),JOHNSON NDUYA MUTHAMA,WIPER DEMOCRATIC MOVEMENT- KENYA,MACHAKOS (county),5ED36A18-8E6C-E211-A5C8-005056870012,Johnson Nduya Muthama,Johnson Nduya Muthama,http://info.mzalendo.com/person/johnson-muthama/,Orange Democratic Movement Party Of Kenya,Aspirant Senator at Machakos (County 2013-),Member of Parliament at Kangundo (Constituency 2007-2013),96
Same,ALFRED NGANGA MUTUA,WIPER DEMOCRATIC MOVEMENT- KENYA,MACHAKOS (county),4BAAC3A1-316C-E211-A5C8-005056870012,Alfred Mutua,Alfred Mutua,http://info.mzalendo.com/person/alfred-mutua/,Wiper democratic Movement Kenya,Aspirant Governor at Machakos (County 2013-),,419
Same,WAVINYA NDETI,CHAMA CHA UZALENDO,MACHAKOS (county),0A78E31F-B567-E211-8158-00505687000D,Wavinya Ndeti,Wavinya Ndeti,http://info.mzalendo.com/person/wavinya-ndeti/,Chama Cha Uzalendo,"Aspirant Governor at Machakos (County 2013-), Aspirant Governor at Machakos (County 2013-)",Member of Parliament at Kathiani (Constituency 2007-2013),109
Same (Post vying for not listed),PHILIP KYALO KITUTI  KALOKI,WIPER DEMOCRATIC MOVEMENT- KENYA,MAKUENI (county),0E86C22B-8E6C-E211-A5C8-005056870012,Philip Kyalo Kaloki,,http://info.mzalendo.com/person/philip-kaloki/,Orange Democratic Movement Party Of Kenya,,Member of Parliament at Kibwezi (Constituency 2007-2013),62
Same,MUTULA KILONZO,WIPER DEMOCRATIC MOVEMENT- KENYA,MAKUENI (county),0F86C22B-8E6C-E211-A5C8-005056870012,Mutula Kilonzo,Mutula Kilonzo,http://info.mzalendo.com/person/mutula-kilonzo/,Orange Democratic Movement Party Of Kenya,Aspirant Senator at Makueni (County 2013-),Member of Parliament at Mbooni (Constituency 2007-2013),47
Same,JOHN HARUN MWAU,PARTY OF INDEPENDENT CANDIDATES OF KENYA,MAKUENI (county),36DBEC92-DD6B-E211-A5C8-005056870012,John Harun Mwau,John Harun Mwau,http://info.mzalendo.com/person/Harun-mwau/,Party of Independent Candidates of Kenya (PICK),Aspirant Senator at Makueni (County 2013-),Member of Parliament at Kilome (Constituency 2007-2013),105
Same,AGNES MUTINDI NDETEI,NATIONAL RAINBOW COALITION,MAKUENI (county),9D60DAF1-106B-E211-A5C8-005056870012,Agnes Ndetei,Agnes Ndetei,http://info.mzalendo.com/person/agnes-ndetei/,National Rainbow Coalition,Aspirant Women representative at Makueni (County 2013-),,437
Different,HUSSEIN HAJI  MOHAMED,SAFINA,MANDERA (county),F8FB947D-0767-E211-A3B9-00505687000D,Hussein Maalim Mohamed,,http://info.mzalendo.com/person/hussein-mohamed/,Kenya African National Union,,,394
Same,KILEMI MWIRIA,THE NATIONAL ALLIANCE,MERU (county),9F280C44-9F67-E211-8158-00505687000D,Valerian Kilemi Mwiria,Valerian Kilemi Mwiria,http://info.mzalendo.com/person/kilemi-mwiria/,"Party of National Unity, The National Alliance (TNA)",Aspirant Governor at Meru (County 2013-),Member of Parliament at Tigania West (Constituency 2007-2013),190
Same,PETER GATIRAU MUNYA,ALLIANCE PARTY OF KENYA,MERU (county),8F00B5AE-C466-E211-A3B9-00505687000D,Peter Munya Gatirau,Peter Munya Gatirau,http://info.mzalendo.com/person/peter-munya/,"Alliance Party of Kenya (APK), National Rainbow Coalition, Party of National Unity",Aspirant Governor at Meru (County 2013-),Member of Parliament at Tigania East (Constituency 2007-2013),186
Same (switched parties?),KIRAITU MURUNGI,ALLIANCE PARTY OF KENYA,MERU (county),9E00B5AE-C466-E211-A3B9-00505687000D,Kiraitu Murungi,Kiraitu Murungi,http://info.mzalendo.com/person/kiraitu-murungi/,Party of National Unity,Aspirant Senator at Meru (County 2013-),Member of Parliament at South Imenti (Constituency 2007-2013),93
Same,GITOBU IMANYARA,ORANGE DEMOCRATIC MOVEMENT,MERU (county),829CBEA9-486C-E211-A5C8-005056870012,Gitobu Imanyara,Gitobu Imanyara,http://info.mzalendo.com/person/gitobu-imanyara/,"Chama Cha Uzalendo, Orange Democratic Movement",Aspirant Senator at Meru (County 2013-),Member of Parliament at Central Imenti (Constituency 2007-2013),22
Same,WILFRED GISUKA MACHAGE,ORANGE DEMOCRATIC MOVEMENT,MIGORI (county),869CBEA9-486C-E211-A5C8-005056870012,Wilfred Gisuka Machage,Wilfred Gisuka Machage,http://info.mzalendo.com/person/wilfred-machage/,"Democratic Party, National Rainbow Coalition, Orange Democratic Movement",Aspirant Senator at Migori (County 2013-),Member of Parliament at Kuria (Constituency 2007-2013),179
Same,SULEIMAN SAID SALEH SHAHBAL,WIPER DEMOCRATIC MOVEMENT- KENYA,MOMBASA (county),5F1EB57A-896C-E211-A5C8-005056870012,Suleiman Shahbal,Suleiman Shahbal,http://info.mzalendo.com/person/suleiman-shahbal/,Wiper democratic Movement Kenya,Aspirant Governor at Mombasa (County 2013-),,463
Same,HASSAN  ALI JOHO,ORANGE DEMOCRATIC MOVEMENT,MOMBASA (county),739CBEA9-486C-E211-A5C8-005056870012,Hassan Ali Joho,,http://info.mzalendo.com/person/hassan-joho/,Orange Democratic Movement,Aspirant Governor at Mombasa (County 2013-),Member of Parliament at Kisauni (Constituency 2007-2013),30
Same,NAJIB MOHAMED BALALA,,MOMBASA (county),3F7AB9F7-9467-E211-8158-00505687000D,Najib Mohamed Balala,Najib Mohamed Balala,http://info.mzalendo.com/person/najib-balala/,Orange Democratic Movement,"Aspirant Senator at Mombasa (County 2013-), Aspirant Senator at Mombasa (County 2013-)",Member of Parliament at Mvita (Constituency 2007-2013),9
Same,RAMADHAN SEIF KAJEMBE,ORANGE DEMOCRATIC MOVEMENT,MOMBASA (county),839CBEA9-486C-E211-A5C8-005056870012,Ramadhan Seif Kajembe,Ramadhan Seif Kajembe,http://info.mzalendo.com/person/ramadhan-kajembe/,"Kenya African National Union, National Rainbow Coalition, Orange Democratic Movement",Aspirant Senator at Mombasa (County 2013-),Member of Parliament at Changamwe (Constituency 2007-2013),163
Same,JAMES KEMBI GITURA,THE NATIONAL ALLIANCE,MURANG'A (county),7A7D3677-9F67-E211-8158-00505687000D,James Kembi Gitura,James Kembi Gitura,http://info.mzalendo.com/person/kembi-gitura/,"National Rainbow Coalition, The National Alliance (TNA)",Aspirant Senator at Murang'a (County 2013-),,242
Same,KINUTHIA MBUGUA,THE NATIONAL ALLIANCE,NAKURU (county),508C2E39-7C69-E211-B91E-005056870012,Kinuthia Mbugua,Kinuthia Mbugua,http://info.mzalendo.com/person/kinuthia-mbugua/,The National Alliance (TNA),Aspirant Governor at Nakuru (County 2013-),,449
Same,JAYNE NJERI WANJIRU KIHARA,NARC-KENYA,NAKURU (county),3FD0F78E-0269-E211-9497-005056870012,Jayne Njeri Kihara,,http://info.mzalendo.com/person/jayne-kihara/,"National Rainbow Coalition, NARC - Kenya",Aspirant Senator at Nakuru (County 2013-),,336
Same (switched parties?),KOIGI WA WAMWERE,CHAMA CHA MWANANCHI,NAKURU (county),749B08DB-7B6B-E211-A5C8-005056870012,Koigi Wamwere,Koigi Wamwere,http://info.mzalendo.com/person/koigi-wamwere/,"Kenya African National Union, National Rainbow Coalition",Aspirant Senator at Nakuru (County 2013-),,352
Different,JOSEPH MANJOY LAGAT,RESTORE AND BUILD KENYA,NANDI (county),4C5CCD40-5A66-E211-A3B9-00505687000D,Joseph Kipchumba Lagat,,http://info.mzalendo.com/person/joseph-lagat/,Kenya African National Union,,,313
Same,STEPHEN  KIPKIYENY TARUS,UNITED DEMOCRATIC FORUM PARTY,NANDI (county),EBF378AE-3C6C-E211-A5C8-005056870012,Stephen Kipkiyeny Tarus,Stephen Kipkiyeny Tarus,http://info.mzalendo.com/person/stephen-tarus/,National Rainbow Coalition,Aspirant Governor at Nandi (County 2013-),,315
Same (post vying for missing),HENRY  KIPRONO A. KOSGEY,ORANGE DEMOCRATIC MOVEMENT,NANDI (county),7C9CBEA9-486C-E211-A5C8-005056870012,Henry Kiprono Kosgey,Henry Kiprono Kosgey,http://info.mzalendo.com/person/henry-kosgey/,Orange Democratic Movement,,Member of Parliament at Tinderet (Constituency 2007-2013),177
Same,LEDAMA OLEKINA,,NAROK (county),C84171EE-496D-E211-A5C8-005056870012,Ledama Olekina,Ledama Olekina,http://info.mzalendo.com/person/ledama-olekina/,,"Aspirant Governor at Narok (County 2013-), Aspirant President at Kenya (Country)",,407
Same,JULIUS LEKAKENY OLE SUNKULI,THE NATIONAL ALLIANCE,NAROK (county),17CE0708-9C67-E211-8158-00505687000D,Julius Lekakeny Sunkuli,,http://info.mzalendo.com/person/julius-sunkuli/,The National Alliance (TNA),Aspirant Senator at Narok (County 2013-),,427
Same (post vying for missing),STEPHEN KANYINKE NTUTU,UNITED REPUBLICAN PARTY,NAROK (county),C45485EE-3569-E211-9497-005056870012,Stephen Kanyinke Ole Ntutu,Stephen Kanyinke Ole Ntutu,http://info.mzalendo.com/person/stephen-ole-ntutu/,Kenya African National Union,,,338
Same,PETER BITA ONDIEKI,PEOPLES DEMOCRATIC PARTY,NYAMIRA (county),F410B438-D866-E211-A3B9-00505687000D,Peter Bita Ondieki,Peter Bita Ondieki,http://info.mzalendo.com/person/peter-ondieki/,,Aspirant Governor at Nyamira (County 2013-),,455
Same,HENRY ONYANCHA OBWOCHA,FORD-PEOPLE,NYAMIRA (county),A262D082-F366-E211-A3B9-00505687000D,Henry Onyancha Obwocha,Henry Obwocha,http://info.mzalendo.com/person/henry-obwocha/,Ford People,"Aspirant Governor at Nyamira (County 2013-), Aspirant Senator at Nyamira (County 2013-)",,356
Same,DAVID MWANIKI NGUGI,GRAND NATIONAL UNION,NYANDARUA (county),C18348AE-BB66-E211-A3B9-00505687000D,David Mwaniki Ngugi,David Mwaniki Ngugi,http://info.mzalendo.com/person/david-ngugi/,"Grand National Union, Sisi Kwa Sisi",Aspirant Governor at Nyandarua (County 2013-),Member of Parliament at Kinangop (Constituency 2007-2013),112
Same,JAMES NDERITU GACHAGUA,GRAND NATIONAL UNION,NYERI (county),F9F2A76B-BB66-E211-A3B9-00505687000D,James Nderitu Gachagua,James Nderitu Gachagua,http://info.mzalendo.com/person/nderitu-gachagua/,"Grand National Union, National Rainbow Coalition",Aspirant Governor at Nyeri (County 2013-),,228
Same,EPHRAIM MWANGI MAINA,THE NATIONAL ALLIANCE,NYERI (county),3D838050-9F67-E211-8158-00505687000D,Ephraim Mwangi Maina,Ephraim Mwangi Maina,http://info.mzalendo.com/person/ephraim-maina/,"Safina Party Of Kenya, The National Alliance (TNA)",Aspirant Senator at Nyandarua (County 2013-),Member of Parliament at Mathira (Constituency 2007-2013),75
Same,CHRISTOPHER NDARATHI MURUNGARU,DEMOCRATIC PARTY OF KENYA,NYERI (county),C898C1E6-486D-E211-A5C8-005056870012,Christopher Ndarathi Murungaru,Christopher Ndarathi Murungaru,http://info.mzalendo.com/person/christopher-murungaru/,"Democratic Party, National Rainbow Coalition",Aspirant Senator at Nyeri (County 2013-),,227
Same (post vying for missing),SAMMY PRISA LESHORE,UNITED REPUBLICAN PARTY,SAMBURU (county),BF5485EE-3569-E211-9497-005056870012,Sammy Prisa Leshore,Sammy Prisa Leshore,http://info.mzalendo.com/person/sammy-leshore/,Kenya African National Union,,,349
Same,MAISON LESHOOMO,THE NATIONAL ALLIANCE,SAMBURU (county),FC30257B-7C69-E211-B91E-005056870012,Maison Leshoomo,Maison Leshoomo,http://info.mzalendo.com/person/maison-leshoomo/,"Party of National Unity, The National Alliance (TNA)",Aspirant Women representative at Trans-Nzoia (County 2013-),Nominated Member of Parliament at None,379
Same,AGNES SALOME AWUOR,,SIAYA (county),CEA44DC3-3F6C-E211-A5C8-005056870012,Agnes Salome Awuor,Agnes Salome Awuor,http://info.mzalendo.com/person/agnes-salome-awuor/,,Aspirant Senator at Siaya (County 2013-),,430
Same,JAMES AGGREY BOB ORENGO,ORANGE DEMOCRATIC MOVEMENT,SIAYA (county),7E9CBEA9-486C-E211-A5C8-005056870012,Aggrey James Orengo,Aggrey James Orengo,http://info.mzalendo.com/person/james-orengo/,Orange Democratic Movement,"Aspirant Senator at Siaya (County 2013-), Aspirant Senator at Siaya (County 2013-)",Member of Parliament at Ugenya (Constituency 2007-2013),129
Same,DANSON MWAZO MWAKULEGWA,ORANGE DEMOCRATIC MOVEMENT,TAITA TAVETA (county),F68DE430-166C-E211-A5C8-005056870012,Danson Mwazo Mwakulegwa,Danson Mwazo Mwakulegwa,http://info.mzalendo.com/person/danson-mwazo/,Orange Democratic Movement,Aspirant Senator at Taita Taveta (County 2013-),Member of Parliament at Voi (Constituency 2007-2013),101
Same,DANSON BUYA  MUNGATANA,THE NATIONAL ALLIANCE,TANA RIVER (county),D2828050-9F67-E211-8158-00505687000D,Danson Buya Mungatana,Danson Buya Mungatana,http://info.mzalendo.com/person/danson-mungatana/,"NARC - Kenya, The National Alliance (TNA)",Aspirant Governor at Tana River (County 2013-),Member of Parliament at Garsen (Constituency 2007-2013),185
Same,FRANCIS NYAMU KAGWIMA,ORANGE DEMOCRATIC MOVEMENT,THARAKA - NITHI (county),9E29FE72-536D-E211-A5C8-005056870012,Francis Nyamu Kagwima,Francis Nyamu Kagwima,http://info.mzalendo.com/person/francis-kagwima/,"Ford Asili, Orange Democratic Movement",Aspirant Senator at Tharaka-Nithi (County 2013-),,286
Same (post vying for missing),NOAH MAHALANG'ANG'A WEKESA,ORANGE DEMOCRATIC MOVEMENT,TRANS NZOIA (county),E6A1F234-516D-E211-A5C8-005056870012,Noah Mahalang'ang'a Wekesa,Noah Mahalang'ang'a Wekesa,http://info.mzalendo.com/person/noah-wekesa/,"Forum For The Restoration Of Democracy - Kenya, Kenya African National Union, National Rainbow Coalition, Party of National Unity",,Member of Parliament at Kwanza (Constituency 2007-2013),209
Same,KIPRUTO RONO KIRWA,NEW FORD KENYA,TRANS NZOIA (county),2A21F7C6-176D-E211-A5C8-005056870012,Kipruto Rono Kirwa,Kipruto Rono Kirwa,http://info.mzalendo.com/person/kipruto-kirwa/,"Kenya African National Union, National Rainbow Coalition, New Ford Kenya",Aspirant Senator at Trans-Nzoia (County 2013-),,311
Same (post vying for missing),DAVIS WAFULA NAKITARE,WIPER DEMOCRATIC MOVEMENT- KENYA,TRANS NZOIA (county),D8CB1755-8E6C-E211-A5C8-005056870012,Davis Wafula Nakitare,Davis Wafula Nakitare,http://info.mzalendo.com/person/davis-nakitare/,National Rainbow Coalition,,,348
Same,MARGARET JEPKOECH KAMAR,ORANGE DEMOCRATIC MOVEMENT,UASIN GISHU (county),BC28A099-B46C-E211-A5C8-005056870012,Margaret Jepkoech Kamar,Margaret Jepkoech Kamar,http://info.mzalendo.com/person/margaret-kamar/,Orange Democratic Movement,"Aspirant Governor at Uasin Gishu (County 2013-), Aspirant Governor at Uasin Gishu (County 2013-)",Member of Parliament at Eldoret East (Constituency 2007-2013),33
Same,ABRAHAM KIPSANG KIPTANUI,KENYA AFRICAN NATIONAL UNION,UASIN GISHU (county),354A24AF-DB66-E211-A3B9-00505687000D,Abraham Kiptanui,Abraham Kiptanui,http://info.mzalendo.com/person/abraham-kiptanui/,Kenya African National Union,Aspirant Senator at Uasin Gishu (County 2013-),,445
Same (post vying for missing),GEORGE KHANIRI,UNITED DEMOCRATIC FORUM PARTY,VIHIGA (county),66FDDF49-836B-E211-A5C8-005056870012,George Munyasa khaniri,George Munyasa khaniri,http://info.mzalendo.com/person/george-khaniri/,Orange Democratic Movement,,Member of Parliament at Hamisi (Constituency 2007-2013),171
Same,SAMUEL LOSURON POGHISIO,UNITED REPUBLICAN PARTY,WEST POKOT (county),C15485EE-3569-E211-9497-005056870012,Samuel Losuron Poghisio,Samuel Losuron Poghisio,http://info.mzalendo.com/person/samuel-poghisio/,"Kenya African National Union, Orange Democratic Movement Party Of Kenya, United Republican Party (URP)",Aspirant Senator at West Pokot (County 2013-),Member of Parliament at Kacheliba (Constituency 2007-2013),202
Same,JOHN KROP LONYANGAPUO,KENYA AFRICAN NATIONAL UNION,WEST POKOT (county),344A24AF-DB66-E211-A3B9-00505687000D,John Krop Lonyangapuo,John Krop Lonyangapuo,http://info.mzalendo.com/person/john-lonyangapuo/,Kenya African National Union,Aspirant Governor at West Pokot (County 2013-),,447
Same (post vying for missing),JULIUS RECHA MURGOR,ORANGE DEMOCRATIC MOVEMENT,WEST POKOT (county),3CDFE037-7C6B-E211-A5C8-005056870012,Julius Recha Murgor,Julius Recha Murgor,http://info.mzalendo.com/person/julius-murgor/,Orange Democratic Movement,,Member of Parliament at Kapenguria (Constituency 2007-2013),90
Same,BENJAMIN KIPKIRUI LANGAT,UNITED REPUBLICAN PARTY,AINAMOI (constituency),D450BC2D-3669-E211-9497-005056870012,Benjamin Kipkirui Langat,Benjamin Kipkirui Langat,http://info.mzalendo.com/person/benjamin-langat/,"Orange Democratic Movement, United Republican Party (URP)",Aspirant MP at Ainamoi (Constituency 2013-),Member of Parliament at Ainamoi (Constituency 2007-2013),384
Same,SALLY JEMNGETICH KOSGEI,ORANGE DEMOCRATIC MOVEMENT,ALDAI (constituency),0720ABDA-486C-E211-A5C8-005056870012,Sally Jepngetich Kosgei,Sally Jepngetich Kosgei,http://info.mzalendo.com/person/sally-kosgei/,Orange Democratic Movement,Aspirant MP at Aldai (Constituency 2013-),Member of Parliament at Aldai (Constituency 2007-2013),59
Same,EDWIN OCHIENG YINDA,ORANGE DEMOCRATIC MOVEMENT,ALEGO USONGA (constituency),48DB7C65-A96B-E211-A5C8-005056870012,Edwin Ochieng Yinda,Edwin Ochieng Yinda,http://info.mzalendo.com/person/edwin-yinda/,Orange Democratic Movement,Aspirant MP at Alego Usonga (Constituency 2013-),Member of Parliament at Alego (Constituency 2007-2013),154
Same (post vying for missing),SAMMY ARTHUR WEYA,NATIONAL AGENDA PARTY OF KENYA,ALEGO USONGA (constituency),552C763A-D766-E211-A3B9-00505687000D,Sammy Arthur Weya,Sammy Arthur Weya,http://info.mzalendo.com/person/sammy-weya/,National Rainbow Coalition,,,304
Same (post vying for missing),SAMMY SILAS KOMEN MWAITA,UNITED REPUBLICAN PARTY,BARINGO CENTRAL (constituency),59F58BF4-3569-E211-9497-005056870012,Sammy Sila Komen Mwaita,Sammy Sila Komen Mwaita,http://info.mzalendo.com/person/sammy-mwaita/,Orange Democratic Movement,,Member of Parliament at Baringo Central (Constituency 2007-2013),100
Same,SIMON NYAUNDI OGARI,ORANGE DEMOCRATIC MOVEMENT,BOMACHOGE CHACHE (constituency),1959A9E9-BC6B-E211-A5C8-005056870012,Simon Ogari Arama,Simon Ogari Arama,http://info.mzalendo.com/person/simon-ogari/,Orange Democratic Movement,,Member of Parliament at Bomachoge (Constituency 2007-2013),385
Same,CHARLES ONYANCHA,ORANGE DEMOCRATIC MOVEMENT,BONCHARI (constituency),8C7FF096-486C-E211-A5C8-005056870012,Charles Onyancha,Charles Onyancha,http://info.mzalendo.com/person/charles-onyancha/,Orange Democratic Movement,Aspirant MP at Bonchari (Constituency 2013-),Member of Parliament at Bonchari (Constituency 2007-2013),126
Same (post vying for missing),RAPHAEL  BITTA  SAUTI WANJALA,UNITED DEMOCRATIC FORUM PARTY,BUDALANGI (constituency),A690DF45-4E6C-E211-A5C8-005056870012,Raphael Wanjala,Raphael Wanjala,http://info.mzalendo.com/person/raphael-wanjala/,National Rainbow Coalition,,,287
Same (switched parties?),SYLVESTER WAKOLI BIFWOLI,FORUM FOR RESTORATION OF DEMOCRACY-KENYA,BUMULA (constituency),58E21315-0269-E211-9497-005056870012,Sylvester Wakoli Bifwoli,Sylvester Wakoli Bifwoli,http://info.mzalendo.com/person/wakoli-bifwoli/,"Ford Kenya, Party of National Unity","Aspirant MP at Bumula (Constituency 2013-), Aspirant President at Kenya (Country)",Member of Parliament at Bumula (Constituency 2007-2013),208
Same,ALI WARIO,THE NATIONAL ALLIANCE,BURA (constituency),72C0C867-A067-E211-8158-00505687000D,Ali Wario,,http://info.mzalendo.com/person/ali-wario/,"Kenya African National Union, The National Alliance (TNA)",Aspirant MP at Bura (Ward 2013-),,252
Same (switched parties?),NUH NASSIR ABDI,WIPER DEMOCRATIC MOVEMENT- KENYA,BURA (constituency),3C2A2269-8E6C-E211-A5C8-005056870012,Nuh Nassir Abdi,Nuh Nassir Abdi,http://info.mzalendo.com/person/Nuh-Abdi/,Orange Democratic Movement Party Of Kenya,,Member of Parliament at Bura (Constituency 2007-2013),114
Same (switched parties?),ELIJAH KIPTARBEI LAGAT,UNITED REPUBLICAN PARTY,CHESUMEI (constituency),D150BC2D-3669-E211-9497-005056870012,Elijah Kiptarbei Lagat,Elijah Kiptarbei Lagat,http://info.mzalendo.com/person/elijah-lagat/,"Orange Democratic Movement, United Republican Party (URP)",Aspirant MP at Chesumei (Constituency 2013-),Member of Parliament at Emgwen (Constituency 2007-2013),64
Different,ABDI  ALI MOHAMED,THE NATIONAL ALLIANCE,DADAAB (constituency),69E69B11-7C69-E211-B91E-005056870012,Abdi Mohamud Mohamed,,http://info.mzalendo.com/person/abdi-mohamed/,Kenya African National Union,,,261
Different,HUSSEIN FARAH MOHAMED,WIPER DEMOCRATIC MOVEMENT- KENYA,DADAAB (constituency),2666BDD8-946B-E211-A5C8-005056870012,Hussein Maalim Mohamed,,http://info.mzalendo.com/person/hussein-mohamed/,Kenya African National Union,,,394
Same,ANDREW KAMAU NJOROGE,NARC-KENYA,DAGORETTI SOUTH (constituency),C4632C93-6366-E211-A3B9-00505687000D,Andrew Njoroge,Andrew Njoroge,http://info.mzalendo.com/person/andrew-njoroge/,NARC - Kenya,Aspirant MP at Dagoretti South (Constituency 2013-),,490
Same (post vying for missing),MOSES K LESSONET,UNITED REPUBLICAN PARTY,ELDAMA RAVINE (constituency),CA5485EE-3569-E211-9497-005056870012,Moses Lessonet,Moses Lessonet,http://info.mzalendo.com/person/moses-lessonet/,Orange Democratic Movement,,Member of Parliament at Eldama Ravine (Constituency 2007-2013),67
Same,MUSA CHERUTICH SIRMA,ORANGE DEMOCRATIC MOVEMENT,ELDAMA RAVINE (constituency),9666EC69-416C-E211-A5C8-005056870012,Musa Cherutich Sirma,Musa Cherutich Sirma,http://info.mzalendo.com/person/musa-sirma/,Orange Democratic Movement,Aspirant MP at Eldama Ravine (Constituency 2013-),Nominated Member of Parliament at None,312
Different,JOHN  NDIRANGU KARIUKI,THE NATIONAL ALLIANCE,EMBAKASI CENTRAL (constituency),EE729C26-7C69-E211-B91E-005056870012,John Ngata Kariuki,,http://info.mzalendo.com/person/john-kariuki/,Ford Asili,,,37
Same,WILBER KHASILWA OTTICHILO,ORANGE DEMOCRATIC MOVEMENT,EMUHAYA (constituency),F62B6787-DC6B-E211-A5C8-005056870012,Wilber Ottichilo Khasilwa,,http://info.mzalendo.com/person/wilber-ottichilo/,Orange Democratic Movement,Aspirant MP at Emuhaya (Constituency 2013-),Member of Parliament at Emuhaya (Constituency 2007-2013),131
Same,PAUL NYONGESA OTUOMA,ORANGE DEMOCRATIC MOVEMENT,FUNYULA (constituency),78D92E34-766C-E211-A5C8-005056870012,Paul Nyongesa Otuoma,Paul Nyongesa Otuoma,http://info.mzalendo.com/person/Paul-Otuoma/,Orange Democratic Movement,Aspirant MP at Funyula (Constituency 2013-),Member of Parliament at Funyula (Constituency 2007-2013),132
Same,DHADHO GADDAE GODHANA,ORANGE DEMOCRATIC MOVEMENT,GALOLE (constituency),89380272-DA6D-E211-A5C8-005056870012,Dhadho Gaddae Godhana,Dhadho Gaddae Godhana,http://info.mzalendo.com/person/Dhadho-Godhana/,Orange Democratic Movement,Aspirant MP at Galole (Constituency 2013-),Member of Parliament at Galole (Constituency 2007-2013),23
Same,ADEN BARE DUALE,UNITED REPUBLICAN PARTY,GARISSA TOWNSHIP (constituency),AC72AF45-6C6C-E211-A5C8-005056870012,Aden Bare Duale,Aden Bare Duale,http://info.mzalendo.com/person/Aden-duale/,"Orange Democratic Movement, United Republican Party (URP)",Aspirant MP at Garissa Township (Constituency 2013-),Member of Parliament at Dujis (Constituency 2007-2013),15
Same (post vying for missing),CLEMENT KUNGU WAIBARA,PEOPLES PARTY OF KENYA,GATUNDU NORTH (constituency),81923704-7B69-E211-B91E-005056870012,Clement Kung'u Waibara,Clement Kung'u Waibara,http://info.mzalendo.com/person/clement-waibara/,Party of Independent Candidates of Kenya (PICK),,Member of Parliament at Gatundu North (Constituency 2007-2013),146
Same,WASHINGTON JAKOYO MIDIWO,ORANGE DEMOCRATIC MOVEMENT,GEM (constituency),CE7330FF-A16B-E211-A5C8-005056870012,Washington Jakoyo Midiwo,Washington Jakoyo Midiwo,http://info.mzalendo.com/person/Jakoyo-midiwo/,Orange Democratic Movement,Aspirant MP at Gem (Constituency 2013-),Member of Parliament at Gem (Constituency 2007-2013),184
Same (post vying for missing),PETER NJOROGE BAIYA,THE NATIONAL ALLIANCE,GITHUNGURI (constituency),66838050-9F67-E211-8158-00505687000D,Peter Njoroge Baiya,Peter Njoroge Baiya,http://info.mzalendo.com/person/peter-baiya/,Safina Party Of Kenya,,Member of Parliament at Githunguri (Constituency 2007-2013),8
Same (post vying for missing),MARTIN OTIENO OGINDO,FEDERAL PARTY OF KENYA,HOMA BAY TOWN (constituency),7C21744F-AE6B-E211-A5C8-005056870012,Martin Otieno Ogindo,Martin Otieno Ogindo,http://info.mzalendo.com/person/martin-ogindo/,Orange Democratic Movement,,Member of Parliament at Rangwe (Constituency 2007-2013),120
Same,FRANKLIN MITHIKA LINTURI,THE NATIONAL ALLIANCE,IGEMBE SOUTH (constituency),2AD8A1FB-A067-E211-8158-00505687000D,Franklin Mithika Linturi,Franklin Mithika Linturi,http://info.mzalendo.com/person/Franklin-linturi/,"Kenya African National Union, The National Alliance (TNA)",Aspirant MP at Igembe South (Constituency 2013-),Member of Parliament at Igembe South (Constituency 2007-2013),69
Same,SOPHIA ABDI NOOR,UNITED REPUBLICAN PARTY,IJARA (constituency),A3FA8127-3669-E211-9497-005056870012,Sophia Abdi Noor,Sophia Abdi Noor,http://info.mzalendo.com/person/sophia-noor/,"Orange Democratic Movement, United Republican Party (URP)",Aspirant MP at Ijara  (Constituency 2013-),Nominated Member of Parliament at None,375
Same (post vying for missing),LEWIS NGANGA NGUYAI,NATIONAL RAINBOW COALITION,KABETE (constituency),1384ECBB-3E6C-E211-A5C8-005056870012,Lewis Nganga Nguyai,Lewis Nganga Nguyai,http://info.mzalendo.com/person/lewis-nguyai/,Party of National Unity,,Member of Parliament at Kikuyu (Constituency 2007-2013),113
Same,JOSEPH KASAINE NKAISSERY,ORANGE DEMOCRATIC MOVEMENT,KAJIADO CENTRAL (constituency),87A61CBD-486C-E211-A5C8-005056870012,Joseph Kasaine Ole Nkaissery,Joseph Kasaine Ole Nkaissery,http://info.mzalendo.com/person/joseph-nkaissery/,Orange Democratic Movement,"Aspirant MP at Kajiado Central (Constituency 2013-), Aspirant MP at Kajiado Central (Constituency 2013-)",Member of Parliament at Kajiado Central (Constituency 2007-2013),192
Same (post vying for missing),MOSES SOMOINE OLE SAKUDA,THE NATIONAL ALLIANCE,KAJIADO WEST (constituency),1138EDD7-9B67-E211-8158-00505687000D,Moses Somoine ole Sakuda,Moses Somoine ole Sakuda,http://info.mzalendo.com/person/moses-ole-sakuda/,The National Alliance (TNA),,Member of Parliament at Kajiado North (Constituency 2007-2013),442
Same,YUSUF HASSAN ABDI,THE NATIONAL ALLIANCE,KAMUKUNJI (constituency),EB529B2C-7C69-E211-B91E-005056870012,Yusuf Hassan Abdi,Yusuf Hassan Abdi,http://info.mzalendo.com/person/yusuf-hassan-abdi/,"Party of National Unity, The National Alliance (TNA)",Aspirant MP at Kamukunji (Constituency 2013-),Member of Parliament at Kamukunji (Constituency 2007-2013),398
Same (switched parties?),JAMES MAINA KAMAU,DEMOCRATIC PARTY OF KENYA,KANDARA (constituency),B160075C-C866-E211-A3B9-00505687000D,James Maina Kamau,James Maina Kamau,http://info.mzalendo.com/person/Maina-kamau/,Party of National Unity,,Member of Parliament at Kandara (Constituency 2007-2013),34
Same (post vying for missing),JAMES GORDON KWANYA REGE,ORANGE DEMOCRATIC MOVEMENT,KARACHUONYO (constituency),ADD4E7C5-3669-E211-9497-005056870012,James Kwanya Rege,James Kwanya Rege,http://info.mzalendo.com/person/james-rege/,Orange Democratic Movement,,Member of Parliament at Karachuonyo (Constituency 2007-2013),135
Same,JOSEPH O. MAGWANGA,ORANGE DEMOCRATIC MOVEMENT,KASIPUL (constituency),988B3EDA-BE6B-E211-A5C8-005056870012,Joseph Oyugi Magwanga,,http://info.mzalendo.com/person/joseph-magwanga/,Orange Democratic Movement,,Member of Parliament at Kasipul Kabondo (Constituency 2007-2013),73
Same,DUNSON MUTUKU MUTISO,RESTORE AND BUILD KENYA,KATHIANI (constituency),775CCD40-5A66-E211-A3B9-00505687000D,Dunson Mutiso,Dunson Mutiso,http://info.mzalendo.com/person/dunson-mutiso/,,Aspirant MP at Kathiani (Constituency 2007-2013),,409
Same,JACKSON KIPLAGAT KIPTANUI,UNITED REPUBLICAN PARTY,KEIYO SOUTH (constituency),5CF58BF4-3569-E211-9497-005056870012,Jackson Kiplagat Kiptanui,Jackson Kiplagat Kiptanui,http://info.mzalendo.com/person/jackson-kiptanui/,"Orange Democratic Movement, United Republican Party (URP)",Aspirant MP at Keiyo South (Constituency 2013-),Member of Parliament at Keiyo South (Constituency 2007-2013),52
Same (post vying for missing),DAVID KIPTANUI KOROS,KENYA AFRICAN NATIONAL UNION,KESSES (constituency),81E17E2C-DB69-E211-B91E-005056870012,David Kiptanui Koros,David Kiptanui Koros,http://info.mzalendo.com/person/david-koros/,Kenya African National Union,,,314
Same (Post vying for not listed),JULIUS ARUNGAH,FEDERAL PARTY OF KENYA,KHWISERO (constituency),623A09A4-686C-E211-A5C8-005056870012,Julius Odenyo Arungah,,http://info.mzalendo.com/person/julius-arungah/,National Rainbow Coalition,,,292
Same (post vying for missing),EVANS BULIMO AKULA,FORUM FOR RESTORATION OF DEMOCRACY-KENYA,KHWISERO (constituency),7F66141B-0269-E211-9497-005056870012,Evans Bulimo Akula,Evans Bulimo Akula,http://info.mzalendo.com/person/evans-akula/,Orange Democratic Movement,,Member of Parliament at Khwisero (Constituency 2007-2013),4
Same ,JESSICA NDUKU KIKO MBALU,WIPER DEMOCRATIC MOVEMENT- KENYA,KIBWEZI EAST (constituency),1586C22B-8E6C-E211-A5C8-005056870012,Jessica N. Mbalu,,http://info.mzalendo.com/person/jessica-mbalu/,,Aspirant MP at Kibwezi East (Constituency 2013-),,432
Same,JAMLECK IRUNGU KAMAU,THE NATIONAL ALLIANCE,KIGUMO (constituency),CA7D3677-9F67-E211-8158-00505687000D,Jamleck Irungu Kamau,Jamleck Irungu Kamau,http://info.mzalendo.com/person/jamleck-kamau/,"Party of National Unity, The National Alliance (TNA)",Aspirant MP at Kigumo (Constituency 2013-),Member of Parliament at Kigumo (Constituency 2007-2013),35
Same,BARNABAS MUTURI C. MWANGI,GRAND NATIONAL UNION,KIHARU (constituency),2AF3A76B-BB66-E211-A3B9-00505687000D,Barnabas Muturi C. Mwangi,Barnabas Muturi C. Mwangi,http://info.mzalendo.com/person/barnabas-mwangi/,"Grand National Union, Party of National Unity",Aspirant MP at Kiharu (Constituency 2013-),Member of Parliament at Kiharu (Constituency 2007-2013),102
Same,VISCOUNT JAMES KIMATHI,DEMOCRATIC PARTY OF KENYA,KIKUYU (constituency),7C60075C-C866-E211-A3B9-00505687000D,Viscount James Kimathi,Viscount James Kimathi,http://info.mzalendo.com/person/viscount-kimathi/,"Democratic Party, Kenya African National Union",Aspirant MP at Kikuyu (Constituency 2013-),,237
Same (post vying for missing),GIDEON SITELU KONCHELLA,UNITED REPUBLICAN PARTY,KILGORIS (constituency),5EF4D733-3669-E211-9497-005056870012,Gideon Sitelu Konchella,Gideon Sitelu Konchella,http://info.mzalendo.com/person/gideon-konchella/,Party of National Unity,,Member of Parliament at Kilgoris (Constituency 2007-2013),322
Same,BENEDICT FONDO  GUNDA,CHAMA CHA UZALENDO,KILIFI SOUTH (constituency),5C53DB25-B567-E211-8158-00505687000D,Benedict Fondo Gunda,,http://info.mzalendo.com/person/benedict-gunda/,"Chama Cha Uzalendo, Orange Democratic Movement",Aspirant MP at Kilifi South (Constituency 2013-),Member of Parliament at Bahari (Constituency 2007-2013),25
Same,SAMUEL GONZI RAI,THE NATIONAL ALLIANCE,KINANGO (constituency),52910520-A86C-E211-A5C8-005056870012,Samuel Gonzi Rai,Samuel Gonzi Rai,http://info.mzalendo.com/person/samuel-rai/,"Ford People, Kenya African National Union, The National Alliance (TNA)",Aspirant MP at Kinango (Constituency 2013-),Member of Parliament at Kinango (Constituency 2007-2013),203
Same (post vying for missing),JOSEPH GACHOKI GITARI,THE NATIONAL ALLIANCE,KIRINYAGA CENTRAL (constituency),5B838050-9F67-E211-8158-00505687000D,Joseph Gachoki Gitari,Joseph Gachoki Gitari,http://info.mzalendo.com/person/joseph-gitari/,Party of National Unity,,Member of Parliament at Kirinyaga Central (Constituency 2007-2013),388
Same,ANANIA MWASAMBU MWABOZA,UNITED REPUBLICAN PARTY,KISAUNI (constituency),245FA7AF-F16D-E211-A5C8-005056870012,Anania Mwasambu Mwaboza,Anania Mwasambu Mwaboza,http://info.mzalendo.com/person/anania-mwaboza/,"National Rainbow Coalition, United Republican Party (URP)",Aspirant MP at Kisauni (Constituency 2013-),,243
Same (post vying for missing),JOHN OLAGO ALUOCH,FORUM FOR RESTORATION OF DEMOCRACY-KENYA,KISUMU WEST (constituency),5266141B-0269-E211-9497-005056870012,John Olago Aluoch,John Olago Aluoch,http://info.mzalendo.com/person/john-aluoch/,Orange Democratic Movement,,Member of Parliament at Kisumu Town West (Constituency 2007-2013),5
Same (post vying for missing),CHARLES MUTISYA NYAMAI,WIPER DEMOCRATIC MOVEMENT- KENYA,KITUI RURAL (constituency),E2344583-866C-E211-A5C8-005056870012,Charles Mutisya Nyamai,Charles Mutisya Nyamai,http://info.mzalendo.com/person/charles-nyamai/,National Rainbow Coalition,,Member of Parliament at Kitui West (Constituency 2007-2013),115
Same (Post vying for not listed),JIMMY NURU ONDIEKI ANGWENYI,THE NATIONAL ALLIANCE,KITUTU CHACHE NORTH (constituency),0C0D0FED-9E67-E211-8158-00505687000D,Jimmy Nuru Ondieki Angwenyi,Jimmy Angwenyi,http://info.mzalendo.com/person/jimmy-angwenyi/,Ford People,,,326
Same,RICHARD MOMOIMA ONYONKA,ORANGE DEMOCRATIC MOVEMENT,KITUTU CHACHE SOUTH (constituency),A42C2E05-556C-E211-A5C8-005056870012,Richard Momoima Onyonka,Richard Momoima Onyonka,http://info.mzalendo.com/person/richard-onyonka/,People's Democratic Party (PDP),Aspirant MP at Kitutu Chache South (Constituency 2013-),Member of Parliament at Kitutu Chache (Constituency 2007-2013),128
Same (post vying for missing),MOSES KIPKEMBOI CHEBOI,KENYA AFRICAN NATIONAL UNION,KURESOI NORTH (constituency),674A24AF-DB66-E211-A3B9-00505687000D,Moses Kipkemboi Cheboi,Moses Kipkemboi Cheboi,http://info.mzalendo.com/person/moses-cheboi/,Kenya African National Union,,,329
Same (post vying for missing),ZAKAYO KIPKEMOI CHERUIYOT,UNITED REPUBLICAN PARTY,KURESOI SOUTH (constituency),5AF4D733-3669-E211-9497-005056870012,Zakayo Kipkemoi Cheruiyot,Zakayo Kipkemoi Cheruiyot,http://info.mzalendo.com/person/zakayo-cheruiyot/,Orange Democratic Movement,,Member of Parliament at Kuresoi (Constituency 2007-2013),14
Same,ABRAHAM KORIR  SING'OEI,UNITED REPUBLICAN PARTY,KWANZA (constituency),AAC45239-3569-E211-9497-005056870012,Abraham Korir Singâoei,,http://info.mzalendo.com/person/abraham-korir-singoei/,,Aspirant MP at Kwanza (Constituency 2013-),,459
Different,HUSSEIN  ALI MOHAMED,THE NATIONAL ALLIANCE,LAFEY (constituency),C7AB7856-9F67-E211-8158-00505687000D,Hussein Maalim Mohamed,,http://info.mzalendo.com/person/hussein-mohamed/,Kenya African National Union,,,394
Different,JOHN MWANGI KARIUKI,UNITED REPUBLICAN PARTY,LAIKIPIA EAST (constituency),2D02607B-736B-E211-A5C8-005056870012,John Ngata Kariuki,,http://info.mzalendo.com/person/john-kariuki/,Ford Asili,,,37
Same,JOSEPH LEKUTON,ORANGE DEMOCRATIC MOVEMENT,LAISAMIS (constituency),7EA61CBD-486C-E211-A5C8-005056870012,Joseph Lemasolai Lekuton,,http://info.mzalendo.com/person/joseph-lekuton/,Kenya African National Union,Aspirant MP at Laisamis (Constituency 2013-),Member of Parliament at Laisamis (Constituency 2007-2013),66
Same (post vying for missing),BETTY NJERI TETT,FARMERS PARTY,LAMU WEST (constituency),A533A82E-DA66-E211-A3B9-00505687000D,Betty Njeri Tett,Betty Njeri Tett,http://info.mzalendo.com/person/betty-tett/,National Rainbow Coalition,,,364
Same,DAVID NJUGUNA MWAURA,PEOPLES PARTY OF KENYA,LARI (constituency),6F923704-7B69-E211-B91E-005056870012,David Njuguna Kiburi Mwaura,,http://info.mzalendo.com/person/david-mwaura/,Peoples Party of Kenya,,Member of Parliament at Lari (Constituency 2007-2013),106
Same,MWALIMU MASUDI MWAHIMA,ORANGE DEMOCRATIC MOVEMENT,LIKONI (constituency),78A61CBD-486C-E211-A5C8-005056870012,Mwalimu Masoud Mwahima,,http://info.mzalendo.com/person/mwalimu-mwahima/,Orange Democratic Movement,Aspirant MP at Likoni (Constituency 2013-),Member of Parliament at Likoni (Constituency 2007-2013),99
Same,ENOCH WAMALWA KIBUNGUCHY,ORANGE DEMOCRATIC MOVEMENT,LIKUYANI (constituency),7EBE86C2-A96B-E211-A5C8-005056870012,Enoch Wamalwa Kibunguchy,Enoch Wamalwa Kibunguchy,http://info.mzalendo.com/person/enoch-kibunguchy/,National Rainbow Coalition,Aspirant MP at Likuyani (Constituency 2013-),,294
Same,PETER MUNGAI MWATHI,DEMOCRATIC PARTY OF KENYA,LIMURU (constituency),B260075C-C866-E211-A3B9-00505687000D,Peter Mungai Mwathi,Peter Mungai Mwathi,http://info.mzalendo.com/person/peter-mwathi/,"Democratic Party, Forum for Restoration and Democracy- People",Aspirant MP at Limuru (Constituency 2013-),Member of Parliament at Limuru (Constituency 2007-2013),104
Same (post vying for missing),ABDALLAH JUMAA NGOZI,KENYA NATIONAL CONGRESS,LUNGALUNGA (constituency),9546B4E1-8569-E211-B91E-005056870012,Abdallah Jumaa Ngozi,Abdallah Jumaa Ngozi,http://info.mzalendo.com/person/abdallah-ngozi/,National Rainbow Coalition,,,245
Same (switched parties?),ATANAS MANYALA KEYA,NEW FORD KENYA,LURAMBI (constituency),255CCAEE-956B-E211-A5C8-005056870012,Atanas Manyala Keya,Atanas Manyala Keya,http://info.mzalendo.com/person/atanas-manyala/,Orange Democratic Movement,,Member of Parliament at Lurambi (Constituency 2007-2013),40
Same (switched parties?),VICTOR KIOKO MUNYAKA,CHAMA CHA UZALENDO,MACHAKOS TOWN (constituency),3878E31F-B567-E211-8158-00505687000D,Victor Kioko Munyaka,Victor Kioko Munyaka,http://info.mzalendo.com/person/victor-munyaka/,Orange Democratic Movement Party Of Kenya,,Member of Parliament at Machakos Town (Constituency 2007-2013),86
Same (post vying for missing),HARRISON GARAMA KOMBE,UNITED REPUBLICAN PARTY,MAGARINI (constituency),0EB2590E-4E6C-E211-A5C8-005056870012,Harrison Garama Kombe,Harrison Garama Kombe,http://info.mzalendo.com/person/harrison-kombe/,Shirikisho Party Of Kenya,,,250
Same (post vying for missing),PETER L. N. KIILU,NATIONAL RAINBOW COALITION,MAKUENI (constituency),D6F24FA8-A26B-E211-A5C8-005056870012,Peter L. N. Kiilu,Peter L. N. Kiilu,http://info.mzalendo.com/person/peter-kiilu/,Orange Democratic Movement Party Of Kenya,,Member of Parliament at Makueni (Constituency 2007-2013),45
Same,EMILIO MUREITHI KATHURI,ALLIANCE PARTY OF KENYA,MANYATTA (constituency),F200B5AE-C466-E211-A3B9-00505687000D,Emilio Mureithi Kathuri,Emilio Mureithi Kathuri,http://info.mzalendo.com/person/emilio-kathuri/,"Alliance Party of Kenya (APK), Democratic Party",Aspirant MP at Manyatta (Constituency 2013-),Member of Parliament at Manyatta (Constituency 2007-2013),38
Same,LINAH JEBII KILIMO,THE NATIONAL ALLIANCE,MARAKWET EAST (constituency),E576FE0D-9C67-E211-8158-00505687000D,Linah Jebii Kilimo,Linah Jebii Kilimo,http://info.mzalendo.com/person/linah-kilimo/,"Kenya National Democratic Alliance, The National Alliance (TNA)",Aspirant MP at Marakwet East (Constituency 2013-),Member of Parliament at Marakwet East (Constituency 2007-2013),173
Same (post vying for missing),DAVID KIPRONO SUTTER SUDI,NEW DEMOCRATS,MARAKWET WEST (constituency),BC238040-DE6D-E211-A5C8-005056870012,David Kiprono Sutter Sudi,David Kiprono Sutter Sudi,http://info.mzalendo.com/person/david-sudi/,Kenya African National Union,,,331
Same,BENSON ITWIKU MBAI,FORD-PEOPLE,MASINGA (constituency),C662D082-F366-E211-A3B9-00505687000D,Benson Itwiku Mbai,Benson Itwiku Mbai,http://info.mzalendo.com/person/benson-mbai/,"Ford People, Orange Democratic Movement Party Of Kenya",Aspirant MP at Masinga  (Constituency 2013-),Member of Parliament at Masinga (Constituency 2007-2013),181
Same,CLEMENT MUCHIRI WAMBUGU,THE NATIONAL ALLIANCE,MATHIOYA (constituency),B27D3677-9F67-E211-8158-00505687000D,Clement Muchiri Wambugu,Clement Muchiri Wambugu,http://info.mzalendo.com/person/clement-wambugu/,"Party of National Unity, The National Alliance (TNA)",Aspirant MP at Mathioya (Constituency 2013-),Member of Parliament at Mathioya (Constituency 2007-2013),149
Same (post vying for missing),DAVID AOKO WERE,NEW FORD KENYA,MATUNGU (constituency),FF8609F5-736C-E211-A5C8-005056870012,David Aoko Were,David Aoko Were,http://info.mzalendo.com/person/david-were/,Orange Democratic Movement,,Member of Parliament at Matungu (Constituency 2007-2013),153
Same (post vying for missing),MOFFAT MUIA MAITHA,NATIONAL RAINBOW COALITION,MATUNGULU (constituency),4BFC947D-0767-E211-A3B9-00505687000D,Moffat Muia Maitha,Moffat Muia Maitha,http://info.mzalendo.com/person/moffat-maitha/,Sisi Kwa Sisi,,Representative at None,370
Same (post vying for missing),JUSTIN BEDAN NJOKA MUTURI,THE NATIONAL ALLIANCE,MBEERE NORTH (constituency),1F38EDD7-9B67-E211-8158-00505687000D,Justin Bedan Njoka Muturi,Justin Bedan Njoka Muturi,http://info.mzalendo.com/person/justin-muturi/,Kenya African National Union,,,215
Same (post vying for missing),MUTAVA MUSYIMI,THE NATIONAL ALLIANCE,MBEERE SOUTH (constituency),F65CE7D1-9B67-E211-8158-00505687000D,Mutava Musyimi,Mutava Musyimi,http://info.mzalendo.com/person/mutava-musyimi/,"Party of National Unity, The National Alliance (TNA)","Aspirant MP at Mbeere South (Constituency 2013-), Aspirant President at Kenya (Country)",Member of Parliament at Gachoka (Constituency 2007-2013),95
Same,MILLIE GRACE AKOTH ODHIAMBO,ORANGE DEMOCRATIC MOVEMENT,MBITA (constituency),9A068058-A16C-E211-A5C8-005056870012,Millie Grace Akoth Odhiambo,Millie Grace Akoth Odhiambo,http://info.mzalendo.com/person/millie-odhiambo/,Orange Democratic Movement,Aspirant MP at Mbita (Constituency 2013-),Nominated Member of Parliament at None,376
Same,JOSEPH KONZOLLO MUNYAO,DEMOCRATIC PARTY OF KENYA,MBOONI (constituency),8D60075C-C866-E211-A3B9-00505687000D,Joseph Konzolo Munyao,,http://info.mzalendo.com/person/joseph-munyao/,"Kenya African National Union, Kenya African National Union, National Rainbow Coalition",Aspirant MP at Mbooni (Constituency 2013-),,279
Same,HELLEN JEPKEMOI SAMBILI,KENYA AFRICAN NATIONAL UNION,MOGOTIO (constituency),634A24AF-DB66-E211-A3B9-00505687000D,Hellen Jepkemoi Sambili,Hellen Jepkemoi Sambili,http://info.mzalendo.com/person/hellen-sambili/,"Kenya African National Union, United Democratic Movement",Aspirant MP at Mogotio (Constituency 2013-),Member of Parliament at Mogotio (Constituency 2007-2013),28
Same (Post vying for not listed),JOSEPH KIPKAPTO KORIR,THE NATIONAL VISION PARTY,MOGOTIO (constituency),9E3309EF-706C-E211-A5C8-005056870012,Joseph Kipkaptor Korir,,http://info.mzalendo.com/person/joseph-korir/,Kenya African National Union,,,333
Same,DAVID KOECH,KENYA NATIONAL CONGRESS,MOSOP (constituency),E50A1FE8-8569-E211-B91E-005056870012,David Kibet Koech,,http://info.mzalendo.com/person/david-koech/,Orange Democratic Movement,,Member of Parliament at Mosop (Constituency 2007-2013),56
Same (post vying for missing),JOHN KIPKORIR SAMBU,UNITED DEMOCRATIC MOVEMENT,MOSOP (constituency),524B6ADB-F36A-E211-A5C8-005056870012,John Kipkorir Sambu,John Kipkorir Sambu,http://info.mzalendo.com/person/john-sambu/,Kenya African National Union,,,335
Same (Post vying for not listed),JOHN BOMETT SERUT,,MT. ELGON (constituency),FC3E052D-F16B-E211-A5C8-005056870012,John Bomet Serut,,http://info.mzalendo.com/person/john-serut/,Kenya African National Union,,,297
Same,PATRICK AYIECHO OLWENY,ORANGE DEMOCRATIC MOVEMENT,MUHORONI (constituency),F7D27588-7D6B-E211-A5C8-005056870012,Patrick Ayiecho Olweny,Patrick Ayiecho Olweny,http://info.mzalendo.com/person/Patrick-olweny/,"National Rainbow Coalition, Orange Democratic Movement",Aspirant MP at Muhoroni (Constituency 2013-),Member of Parliament at Muhoroni (Constituency 2007-2013),122
Same,KABANDO WA KABANDO,THE NATIONAL ALLIANCE,MUKURWEINI (constituency),977D3677-9F67-E211-8158-00505687000D,Kabando wa Kabando,Kabando wa Kabando,http://info.mzalendo.com/person/kabando-kabando/,"Safina Party Of Kenya, The National Alliance (TNA)",Aspirant MP at Mukurweini (Constituency 2013-),Member of Parliament at Mukurweini (Constituency 2007-2013),31
Same (Post vying for not listed),DICKSON  MWANGI WATHIKA,MAZINGIRA GREENS PARTY OF KENYA,MUKURWEINI (constituency),72727624-C866-E211-A3B9-00505687000D,Dickson Wathika Mwangi,,http://info.mzalendo.com/person/dickson-wathika/,Party of National Unity,,,152
Same (post vying for missing),BENJAMIN JOMO WASHIALI,UNITED DEMOCRATIC FORUM PARTY,MUMIAS EAST (constituency),016B021F-896C-E211-A5C8-005056870012,Benjamin Jomo Washiali,Benjamin Jomo Washiali,http://info.mzalendo.com/person/benjamin-washiali/,Orange Democratic Movement,,Member of Parliament at Mumias (Constituency 2007-2013),151
Same (post vying for missing),DANIEL MUTUA MUOKI,WIPER DEMOCRATIC MOVEMENT- KENYA,MWALA (constituency),29474986-956B-E211-A5C8-005056870012,Daniel Mutua Muoki,Daniel Mutua Muoki,http://info.mzalendo.com/person/daniel-muoki/,Orange Democratic Movement Party Of Kenya,,Member of Parliament at Mwala (Constituency 2007-2013),88
Same (post vying for missing),PETER NJUGUNA GITAU,THE NATIONAL ALLIANCE,MWEA (constituency),53838050-9F67-E211-8158-00505687000D,Peter Njuguna Gitau,Peter Njuguna Gitau,http://info.mzalendo.com/person/peter-gitau/,Party of National Unity,,Member of Parliament at Mwea (Constituency 2007-2013),20
Same (post vying for missing),JOHN MICHAEL NJENGA MUTUTHO,NATIONAL RAINBOW COALITION,NAIVASHA (constituency),CCB381E5-996C-E211-A5C8-005056870012,John Michael Njenga Mututho,John Michael Njenga Mututho,http://info.mzalendo.com/person/john-mututho/,"Kenya African National Union, National Rainbow Coalition",,Member of Parliament at Naivasha (Constituency 2007-2013),97
Same,RICHARD MOITALEL OLE KENTA,THE NATIONAL ALLIANCE,NAROK NORTH (constituency),D876FE0D-9C67-E211-8158-00505687000D,Richard Moitalel ole Kenta,Richard Moitalel ole Kenta,http://info.mzalendo.com/person/richard-moitalel-ole-kenta/,,Aspirant Governor at Narok (County 2013-),,420
Same,WILLIAM RONGORA OLE NTIMAMA,ORANGE DEMOCRATIC MOVEMENT,NAROK NORTH (constituency),EAB1335D-736B-E211-A5C8-005056870012,William Ronkorua ole Ntimama,William Ronkorua ole Ntimama,http://info.mzalendo.com/person/william-ntimama/,"Kenya African National Union, National Rainbow Coalition, Orange Democratic Movement",Aspirant MP at Narok North (Constituency 2013-),Member of Parliament at Narok North (Constituency 2007-2013),200
Same,FRANCIS CHACHU GANYA,ORANGE DEMOCRATIC MOVEMENT,NORTH HORR (constituency),7DA61CBD-486C-E211-A5C8-005056870012,Francis Chachu Ganya,Francis Chachu Ganya,http://info.mzalendo.com/person/francis-ganya/,Orange Democratic Movement,Aspirant MP at North Horr (Constituency 2013-),Member of Parliament at North Horr (Constituency 2007-2013),18
Same (post vying for missing),SILAS MURIUKI RUTEERE,THE NATIONAL ALLIANCE,NORTH IMENTI (constituency),57D8A1FB-A067-E211-8158-00505687000D,Silas Muriuki Ruteere,Silas Muriuki Ruteere,http://info.mzalendo.com/person/silas-ruteere/,Mazingira  Greens Party of Kenya,,Member of Parliament at North Imenti (Constituency 2007-2013),92
Same (post vying for missing),POLLYINS OCHIENG ANYANGO,WIPER DEMOCRATIC MOVEMENT- KENYA,NYAKACH (constituency),5166141B-0269-E211-9497-005056870012,Pollyins Ochieng Anyango,Pollyins Ochieng Anyango,http://info.mzalendo.com/person/pollyins-anyango/,Orange Democratic Movement,,Member of Parliament at Nyakach (Constituency 2007-2013),7
Same (post vying for missing),FREDRICK OTIENO OUTA,ORANGE DEMOCRATIC MOVEMENT,NYANDO (constituency),9B7FF096-486C-E211-A5C8-005056870012,Fredrick Otieno Outa,Fredrick Otieno Outa,http://info.mzalendo.com/person/fredrick-outa/,Orange Democratic Movement,,Member of Parliament at Nyando (Constituency 2007-2013),133
Same (post vying for missing),ROBERT ONSARE MONDA,NATIONAL RAINBOW COALITION,NYARIBARI CHACHE (constituency),9D8AD2A9-166D-E211-A5C8-005056870012,Robert Onsare Monda,Robert Onsare Monda,http://info.mzalendo.com/person/robert-monda/,National Rainbow Coalition,,Member of Parliament at Nyaribari Chache (Constituency 2007-2013),83
Same,PETER EDICK OMONDI ANYANGA,ORANGE DEMOCRATIC MOVEMENT,NYATIKE (constituency),04463E99-ED6C-E211-A5C8-005056870012,Peter Edick Omondi Anyanga,Peter Edick Omondi Anyanga,http://info.mzalendo.com/person/Peter-anyanga/,Orange Democratic Movement,Aspirant MP at Nyatike (Constituency 2013-),Member of Parliament at Nyatike (Constituency 2007-2013),6
Same (post vying for missing),ERASTUS KIHARA MUREITHI,AGANO PARTY,OL JOROK (constituency),EE6F1A7E-C466-E211-A3B9-00505687000D,Erastus Kihara Mureithi,Erastus Kihara Mureithi,http://info.mzalendo.com/person/erastus-mureithi/,NARC - Kenya,,Member of Parliament at Ol Kalou (Constituency 2007-2013),89
Same (post vying for missing),LUKA KIPKORIR KIGEN,UNITED REPUBLICAN PARTY,RONGAI (constituency),63F58BF4-3569-E211-9497-005056870012,Luka Kipkorir Kigen,Luka Kipkorir Kigen,http://info.mzalendo.com/person/luka-kigen/,Orange Democratic Movement,,Member of Parliament at Rongai (Constituency 2007-2013),44
Same,CECILY MUTITU MBARIRE,THE NATIONAL ALLIANCE,RUNYENJES (constituency),1B38EDD7-9B67-E211-8158-00505687000D,Cecily Mutitu Mbarire,Cecily Mutitu Mbarire,http://info.mzalendo.com/person/cecily-mbarire/,"Party of National Unity, The National Alliance (TNA)",Aspirant MP at Runyenjes (Constituency 2013-),Member of Parliament at Runyenjes (Constituency 2007-2013),78
Same,HUSSEIN TARRY SASURA,THE NATIONAL ALLIANCE,SAKU (constituency),64E69B11-7C69-E211-B91E-005056870012,Hussein Tarry Sasura,Hussein Tarry Sasura,http://info.mzalendo.com/person/hussein-sasura/,"Orange Democratic Movement Party Of Kenya, The National Alliance (TNA)",Aspirant MP at Saku (Constituency 2013-),Member of Parliament at Saku (Constituency 2007-2013),138
Same (post vying for missing),RAPHAEL LAKALEI LETIMALO,THE NATIONAL ALLIANCE,SAMBURU EAST (constituency),F330257B-7C69-E211-B91E-005056870012,Raphael Lakalei Letimalo,Raphael Lakalei Letimalo,http://info.mzalendo.com/person/raphael-letimalo/,Orange Democratic Movement,,Member of Parliament at Samburu East (Constituency 2007-2013),68
Same,JAMES WAMBURA NYIKAL,ORANGE DEMOCRATIC MOVEMENT,SEME (constituency),34F183A8-6D6B-E211-A5C8-005056870012,James Nyikal,James Nyikal,http://info.mzalendo.com/person/james-nyikal/,Orange Democratic Movement,Aspirant MP at Seme (Constituency 2013-),,434
Same,WILSON MWOTINY LITOLE ,ORANGE DEMOCRATIC MOVEMENT,SIGOR (constituency),8DA61CBD-486C-E211-A5C8-005056870012,Wilson Mwotiny Litole,,http://info.mzalendo.com/person/wilson-litole/,Orange Democratic Movement,Aspirant MP at Sigor (Constituency 2013-),Member of Parliament at Sigor (Constituency 2007-2013),70
Same,FRANCIS ARAP KIPYEGON SIGEI,KENYA AFRICAN NATIONAL UNION,SOTIK (constituency),714A24AF-DB66-E211-A3B9-00505687000D,Francis Sigei,Francis Sigei,http://info.mzalendo.com/person/francis-sigei/,,Aspirant Governor at Bomet (County 2013-),,426
Same,MANSON OYONGO NYAMWEYA,ORANGE DEMOCRATIC MOVEMENT,SOUTH MUGIRANGO (constituency),DCA49B36-916B-E211-A5C8-005056870012,Manson Oyongo Nyamweya,Manson Oyongo Nyamweya,http://info.mzalendo.com/person/manson-nyamweya/,"Ford People, Orange Democratic Movement",Aspirant MP at South Mugirango (Constituency 2013-),Member of Parliament at South Mugirango (Constituency 2007-2013),391
Same,NAOMI NAMSI SHABAN,THE NATIONAL ALLIANCE,TAVETA (constituency),CAAB7856-9F67-E211-8158-00505687000D,Naomi Namisi Shaban,Naomi Namisi Shaban,http://info.mzalendo.com/person/naomi-shaban/,"Kenya African National Union, The National Alliance (TNA)",Aspirant MP at Taveta (Constituency 2013-),Member of Parliament at Taveta (Constituency 2007-2013),139
Same,ALEX MUTHENGI MBURI MWIRU,UNITED REPUBLICAN PARTY,THARAKA (constituency),C750BC2D-3669-E211-9497-005056870012,Alex Muthengi Mburi Mwiru,Alex Muthengi Mburi Mwiru,http://info.mzalendo.com/person/alex-mwiru/,"Party of National Unity, United Republican Party (URP)",Aspirant MP at Tharaka (Constituency 2013-),Member of Parliament at Tharaka (Constituency 2007-2013),107
Different,DAVID NJEHIAH NGUGI,GRAND NATIONAL UNION,THIKA TOWN (constituency),26F3A76B-BB66-E211-A3B9-00505687000D,David Mwaniki Ngugi,,http://info.mzalendo.com/person/david-ngugi/,"Grand National Union, Sisi Kwa Sisi",Aspirant Governor at Nyandarua (County 2013-),Member of Parliament at Kinangop (Constituency 2007-2013),112
Same,DAVID ESELI SIMIYU,FORUM FOR RESTORATION OF DEMOCRACY-KENYA,TONGAREN (constituency),51E21315-0269-E211-9497-005056870012,David Eseli Simiyu,David Eseli Simiyu,http://info.mzalendo.com/person/david-eseli/,Forum For The Restoration Of Democracy - Kenya,Aspirant MP at Tongaren (Constituency 2013-),Member of Parliament at Kimilili (Constituency 2007-2013),141
Same,CYPRIAN OJWANG' OMOLLO,FORUM FOR RESTORATION OF DEMOCRACY-KENYA,URIRI (constituency),5E66141B-0269-E211-9497-005056870012,Cyprian Ojwang Omollo,,http://info.mzalendo.com/person/cyprian-omollo/,Orange Democratic Movement,,Member of Parliament at Uriri (Constituency 2007-2013),121
Same (post vying for missing),YUSUF KIFUMA CHANZU,UNITED DEMOCRATIC FORUM PARTY,VIHIGA (constituency),D3C47CE1-8E6B-E211-A5C8-005056870012,Yusuf Kifuma Chanzu,Yusuf Kifuma Chanzu,http://info.mzalendo.com/person/yusuf-chanzu/,Orange Democratic Movement,,Member of Parliament at Vihiga (Constituency 2007-2013),11
Same,JAMES ONDICHO  GESAMI,ORANGE DEMOCRATIC MOVEMENT,WEST MUGIRANGO (constituency),A17FF096-486C-E211-A5C8-005056870012,James Ondicho Gesami,James Gesami,http://info.mzalendo.com/person/james-gesami/,Orange Democratic Movement,Aspirant MP at West Mugirango (Constituency 2013-),Member of Parliament at West Mugirango (Constituency 2007-2013),19
Same,THOMAS LUDINDI MWADEGHU,ORANGE DEMOCRATIC MOVEMENT,WUNDANYI (constituency),F4A25A44-C86B-E211-A5C8-005056870012,Thomas Ludindi Mwadeghu,Thomas Ludindi Mwadeghu,http://info.mzalendo.com/person/thomas-mwadeghu/,Orange Democratic Movement,"Aspirant MP at Wundanyi (Constituency 2013-), Aspirant MP at Wundanyi (Constituency 2013-)",Member of Parliament at Wundanyi (Constituency 2007-2013),98
Different (safe guess),ABDI MOHAMED,DEMOCRATIC PARTY OF KENYA,BENANE (ward),38090862-C866-E211-A3B9-00505687000D,Abdi Mohamud Mohamed,,http://info.mzalendo.com/person/abdi-mohamed/,Kenya African National Union,,,261
Different,PETER WANYOIKE GITAU,THE NATIONAL ALLIANCE,DANDORA AREA I (ward),6AB0331D-9C67-E211-8158-00505687000D,Peter Njuguna Gitau,,http://info.mzalendo.com/person/peter-gitau/,Party of National Unity,,Member of Parliament at Mwea (Constituency 2007-2013),20
Different,DAVID  WAIGANJO NGUGI,MZALENDO SABA SABA PARTY,EASTLEIGH NORTH (ward),3E96264F-7C6C-E211-A5C8-005056870012,David Mwaniki Ngugi,,http://info.mzalendo.com/person/david-ngugi/,"Grand National Union, Sisi Kwa Sisi",Aspirant Governor at Nyandarua (County 2013-),Member of Parliament at Kinangop (Constituency 2007-2013),112
Different,MOHAMED IBRAHIM ALI,UNITED DEMOCRATIC FORUM PARTY,GITHER (ward),5B42F957-4E6C-E211-A5C8-005056870012,Mohamed Hussein Ali,,http://info.mzalendo.com/person/mohamed-ali/,Orange Democratic Movement,,Member of Parliament at Mandera East (Constituency 2007-2013),81
Different (safe guess),DAVID KIPRONO KOECH,WIPER DEMOCRATIC MOVEMENT- KENYA,KIPSONOI (ward),2C02607B-736B-E211-A5C8-005056870012,David Kibet Koech,,http://info.mzalendo.com/person/david-koech/,Orange Democratic Movement,,Member of Parliament at Mosop (Constituency 2007-2013),56
Different (safe guess),JOSEPH KASIWA MUNYAO,THE INDEPENDENT PARTY,KYELENI (ward),C4AF14B1-B76B-E211-A5C8-005056870012,Joseph Konzolo Munyao,,http://info.mzalendo.com/person/joseph-munyao/,"Kenya African National Union, Kenya African National Union, National Rainbow Coalition",Aspirant MP at Mbooni (Constituency 2013-),,279
Different,RASHID KIVYASO SHAKOMBO,,LIKONI (ward),218E5E62-9567-E211-8158-00505687000D,Rashid Suleiman Shakombo,Rashid Suleiman Shakombo,http://info.mzalendo.com/person/rashid-shakombo/,"National Rainbow Coalition, Shirikisho Party Of Kenya",Aspirant Senator at Mombasa (County 2013-),,244
Different,JOHN KANIARU KARIUKI,THE NATIONAL ALLIANCE,LIMURU EAST (ward),3C998416-716B-E211-A5C8-005056870012,John Ngata Kariuki,,http://info.mzalendo.com/person/john-kariuki/,Ford Asili,,,37
Same,DAVID K TOO,ORANGE DEMOCRATIC MOVEMENT,NGERIA (ward),469BBEA9-486C-E211-A5C8-005056870012,David Kimutai Too,,http://info.mzalendo.com/person/david-too/,Orange Democratic Movement,,,212
Different,HASSAN OMAR OMAR,UNITY PARTY OF KENYA,SHANZU (ward),D79B98F5-6970-E211-A589-005056870012,Hassan Omar Hassan Sarai,Hassan Omar Hassan Sarai,http://info.mzalendo.com/person/hassan-omar-hassan-sarai/,Wiper democratic Movement Kenya,Aspirant Senator at Mombasa (County 2013-),,431
Different,ABDI IBRAHIM MOHAMED,NATIONAL AGENDA PARTY OF KENYA,TOWNSHIP (ward),01CF7240-D766-E211-A3B9-00505687000D,Abdi Mohamud Mohamed,,http://info.mzalendo.com/person/abdi-mohamed/,Kenya African National Union,,,261
Different,JOSEPH KIPRUTO KORIR,UNITED DEMOCRATIC FORUM PARTY,ZIWA (ward),4CD207FF-726C-E211-A5C8-005056870012,Joseph Kipkaptor Korir,,http://info.mzalendo.com/person/joseph-korir/,Kenya African National Union,,,333
