Place Name,Place Type,Race Type,Old?,Alternative Names To Add,Existing Aspirant Person URL,Existing Aspirant Position ID,Existing Aspirant Person ID,Existing Aspirant External ID,Existing Aspirant Legal Name,Existing Aspirant Other Names,API Normalized Name,API Code,Action
,,,,,,,,,,,,,
BARINGO,County,Governor,,,,,,,,,,,
,,,,,,,,,,,,,
,,,,,http://localhost:8000/person/aaron-rotich-tuikong/,5786,493,496F1A7E-C466-E211-A3B9-00505687000D,Aaron Rotich Tuikong,,AARON ROTICH TUIKONG,496F1A7E-C466-E211-A3B9-00505687000D,
,,,,,http://localhost:8000/person/cheboi-chesire-benjamin/,5784,492,7C1C85E8-3569-E211-9497-005056870012,Cheboi Chesire Benjamin,,CHEBOI CHESIRE BENJAMIN,7C1C85E8-3569-E211-9497-005056870012,
,,,,,http://localhost:8000/person/joel-kibiwott-koima/,5790,495,86883FA3-EC6B-E211-A5C8-005056870012,Joel Kibiwott Koima,,JOEL KIBIWOTT KOIMA,86883FA3-EC6B-E211-A5C8-005056870012,
,,,,,http://localhost:8000/person/samson-kigen-kibii/,5782,491,3E463D04-206D-E211-A5C8-005056870012,Samson Kigen Kibii,,SAMSON KIGEN KIBII,3E463D04-206D-E211-A5C8-005056870012,
,,,,,http://localhost:8000/person/stanley-k-kiptis/,5788,494,2E4A24AF-DB66-E211-A3B9-00505687000D,Stanley K. Kiptis,,STANLEY K. KIPTIS,2E4A24AF-DB66-E211-A3B9-00505687000D,
,,,Old,,http://localhost:8000/person/benjamin-chesire/,5218,441,,Benjamin Chesire,,,,
,,,Old,"Benjamin Chesire, Cheboi Chesire Benjami",http://localhost:8000/person/benjamin-cheboi/,5303,421,,Benjamin Chesire Cheboi,,,,
,,,,,,,,,,,,,
,,,,,,,,,,,,,
BOMET,County,Governor,,,,,,,,,,,
,,,,,,,,,,,,,
,,,,,http://localhost:8000/person/david-shadrack-rotich/,5808,503,5A502CD9-F36C-E211-A5C8-005056870012,David Shadrack Rotich,,DAVID SHADRACK ROTICH,5A502CD9-F36C-E211-A5C8-005056870012,
,,,,,http://localhost:8000/person/isaac-kiprono-ruto/,5806,502,871C85E8-3569-E211-9497-005056870012,Isaac Kiprono Ruto,,ISAAC KIPRONO RUTO,871C85E8-3569-E211-9497-005056870012,
,,,,,http://localhost:8000/person/julius-kones/,5804,53,8054B0DB-8569-E211-B91E-005056870012,Julius Kipyegon Kones,,JULIUS KIPYEGON KONES,8054B0DB-8569-E211-B91E-005056870012,
,,,,,http://localhost:8000/person/sammy-kipngetich-kirui/,5810,504,15F8C6CF-3F6D-E211-A5C8-005056870012,Sammy Kipngetich Kirui,,SAMMY KIPNGETICH KIRUI,15F8C6CF-3F6D-E211-A5C8-005056870012,
,,,,JOHN KIPSANG ARAP KOECH,http://localhost:8000/person/john-koech/,5812,310,304A24AF-DB66-E211-A3B9-00505687000D,John Kipsang Koech,,,,
,,,Old,[endpos],http://localhost:8000/person/francis-sigei/,5105,426,,Francis Sigei,,,,
,,,Old,Isaac Kiprono Ruto,http://localhost:8000/person/isaac-rutto/,3507,136,,Isaac Kiprono Rutto,,,,
,,,,,,,,,,,JOHN KIPSANG ARAP KOECH,304A24AF-DB66-E211-A3B9-00505687000D,
,,,,,,,,,,,,,
,,,,,,,,,,,,,
BOMET,County,Senator,,,,,,,,,,,
,,,,,,,,,,,,,
,,,,,http://localhost:8000/person/andrew-kimutai-langat/,5824,509,0A6F13FE-E36B-E211-A5C8-005056870012,Andrew Kimutai Langat,,ANDREW KIMUTAI LANGAT,0A6F13FE-E36B-E211-A5C8-005056870012,
,,,,,http://localhost:8000/person/kitur-kipkemoi/,5814,505,8E54B0DB-8569-E211-B91E-005056870012,Kitur Kipkemoi,,KITUR KIPKEMOI,8E54B0DB-8569-E211-B91E-005056870012,
,,,,,http://localhost:8000/person/nicholas-kiptoo-arap-korir-salat/,5822,508,3B4A24AF-DB66-E211-A3B9-00505687000D,Nicholas Kiptoo Arap Korir Salat,,NICHOLAS KIPTOO ARAP KORIR SALAT,3B4A24AF-DB66-E211-A3B9-00505687000D,
,,,,,http://localhost:8000/person/warkach-kipkorir-tonui/,5820,507,50BA90B6-856C-E211-A5C8-005056870012,Warkach Kipkorir Tonui,,WARKACH KIPKORIR TONUI,50BA90B6-856C-E211-A5C8-005056870012,
,,,,,http://localhost:8000/person/wilfred-rottich-lesan/,5818,506,9CFA8127-3669-E211-9497-005056870012,Wilfred Rottich Lesan,,WILFRED ROTTICH LESAN,9CFA8127-3669-E211-9497-005056870012,
,,,,ANTHONY KIPKOSGE KIMETO,http://localhost:8000/person/anthony-kimeto/,5816,351,474B6ADB-F36A-E211-A5C8-005056870012,Anthony Kimeto,,,,
,,,Old,Nicholas Kiptoo Arap Korir Salat,http://localhost:8000/person/nick-salat/,5584,214,,Nick Kiptoo Korir Salat,Nick Salat,,,
,,,,,,,,,,,ANTHONY KIPKOSGE KIMETO,474B6ADB-F36A-E211-A5C8-005056870012,
,,,,,,,,,,,,,
,,,,,,,,,,,,,
BUNGOMA,County,Governor,,,,,,,,,,,
,,,,,,,,,,,,,
,,,,,http://localhost:8000/person/cosmas-barasa-simiyu/,5832,513,D85A1935-9C67-E211-8158-00505687000D,Cosmas Barasa Simiyu,,COSMAS BARASA SIMIYU,D85A1935-9C67-E211-8158-00505687000D,
,,,,,http://localhost:8000/person/jack-beneiah-tumwa/,5835,514,37E21315-0269-E211-9497-005056870012,Jack Beneiah Tumwa,,JACK BENEIAH TUMWA,37E21315-0269-E211-9497-005056870012,
,,,,,http://localhost:8000/person/mukhamule-walinywa-wabwoba/,5837,515,56E00926-656C-E211-A5C8-005056870012,Mukhamule Walinywa Wabwoba,,MUKHAMULE WALINYWA WABWOBA,56E00926-656C-E211-A5C8-005056870012,
,,,,[delpos],http://localhost:8000/person/kenneth-lusaka/,5833,417,4B68FDD7-576D-E211-A5C8-005056870012,Kenneth Lusaka,,,,
,,,Old,KENNETH MAKELO LUSAKA,http://localhost:8000/person/kenneth-lusaka/,5083,417,,Kenneth Lusaka,,,,
,,,Old,ALFRED KHANGATI,http://localhost:8000/person/alfred-khangati/,5651,42,719CBEA9-486C-E211-A5C8-005056870012,Alfred Khang'ati,,,,
,,,,,,,,,,,ALFRED KHANGATI,719CBEA9-486C-E211-A5C8-005056870012,
,,,,,,,,,,,KENNETH MAKELO LUSAKA,4B68FDD7-576D-E211-A5C8-005056870012,
,,,,,,,,,,,,,
,,,,,,,,,,,,,
BUSIA,County,Governor,,,,,,,,,,,
,,,,,,,,,,,,,
,,,,,http://localhost:8000/person/alice-betty-were/,5864,528,71C3F6FC-1F6A-E211-B91E-005056870012,Alice Betty Were,,ALICE BETTY WERE,71C3F6FC-1F6A-E211-B91E-005056870012,
,,,,,http://localhost:8000/person/benjamin-onyango-okwara/,5868,530,F0FB947D-0767-E211-A3B9-00505687000D,Benjamin Onyango Okwara,,BENJAMIN ONYANGO OKWARA,F0FB947D-0767-E211-A3B9-00505687000D,
,,,,,http://localhost:8000/person/philemon-lameck-imo/,5866,529,38E21315-0269-E211-9497-005056870012,Philemon Lameck Imo,,PHILEMON LAMECK IMO,38E21315-0269-E211-9497-005056870012,
,,,,,http://localhost:8000/person/sospeters-odeke-ojaamongson/,5872,532,4CB7C3AA-A06C-E211-A5C8-005056870012,Sospeters Odeke Ojaamongson,,SOSPETERS ODEKE OJAAMONGSON,4CB7C3AA-A06C-E211-A5C8-005056870012,
,,,,,http://localhost:8000/person/vincent-sidai-esyepet/,5870,531,AF5F9B26-A36C-E211-A5C8-005056870012,Vincent Sidai Esyepet,,VINCENT SIDAI ESYEPET,AF5F9B26-A36C-E211-A5C8-005056870012,
,,,Old,Sospeters Odeke Ojaamongson,http://localhost:8000/person/sospeter-ojaamongson/,5518,196,,Sospeter Odeke Ojaamongson,Sospeter Ojaamongson,,,
,,,,,,,,,,,,,
,,,,,,,,,,,,,
BUSIA,County,Senator,,,,,,,,,,,
,,,,,,,,,,,,,
,,,,,http://localhost:8000/person/chrysanthus-okemo/,5876,534,3EE21315-0269-E211-9497-005056870012,Chrysanthus Okemo,,CHRYSANTHUS OKEMO,3EE21315-0269-E211-9497-005056870012,
,,,,,http://localhost:8000/person/faith-agnes-maumoh/,5874,533,BE632C93-6366-E211-A3B9-00505687000D,Faith Agnes Maumoh,,FAITH AGNES MAUMOH,BE632C93-6366-E211-A3B9-00505687000D,
,,,,,http://localhost:8000/person/sitswila-amos-wako/,5878,535,7F9CBEA9-486C-E211-A5C8-005056870012,Sitswila Amos Wako,,SITSWILA AMOS WAKO,7F9CBEA9-486C-E211-A5C8-005056870012,
,,,Old,Sitswila Amos Wako,http://localhost:8000/person/amos-wako/,5128,366,,Amos Sitswila Wako,Amos Wako,,,
,,,Old,Chrysanthus Okemo,http://localhost:8000/person/Chrysanthus-okemo/,5516,198,,Chrysanthus Barnabas Okemo,,,,
,,,,,,,,,,,,,
,,,,,,,,,,,,,
ELGEYO/MARAKWET,County,Senator,,,,,,,,,,,
,,,,,,,,,,,,,
,,,,,http://localhost:8000/person/julius-kipkorir-b-bomer/,5899,545,8B54B0DB-8569-E211-B91E-005056870012,Julius Kipkorir B. Bomer,,JULIUS KIPKORIR B. BOMER,8B54B0DB-8569-E211-B91E-005056870012,
,,,,,http://localhost:8000/person/luka-kiprop-chemwolo/,5903,547,852EC4AF-486C-E211-A5C8-005056870012,Luka Kiprop Chemwolo,,LUKA KIPROP CHEMWOLO,852EC4AF-486C-E211-A5C8-005056870012,
,,,,,http://localhost:8000/person/nicholas-kiprono-biwott-kipyator/,5905,548,5ACE1669-176D-E211-A5C8-005056870012,Nicholas Kiprono Biwott Kipyator,,NICHOLAS KIPRONO BIWOTT KIPYATOR,5ACE1669-176D-E211-A5C8-005056870012,
,,,Old,,http://localhost:8000/person/kipchumba-murkomen/,5213,440,BA5485EE-3569-E211-9497-005056870012,Onesimus Kipchumba Murkomen,Kipchumba Murkomen,ONESIMUS KIPCHUMBA MURKOMEN,BA5485EE-3569-E211-9497-005056870012,
,,,,,http://localhost:8000/person/tabitha-jeptoo-seii/,5901,546,ACC06418-196D-E211-A5C8-005056870012,Tabitha Jeptoo Seii,,TABITHA JEPTOO SEII,ACC06418-196D-E211-A5C8-005056870012,
,,,Old,Nicholas Kiprono Biwott Kipyator,http://localhost:8000/person/nicholas-biwott/,5214,321,,Nicholas Kiprono Kipyator Biwott,Nicholas Biwott,,,
,,,,,,,,,,,,,
,,,,,,,,,,,,,
EMBU,County,Senator,,,,,,,,,,,
,,,,,,,,,,,,,
,,,,,http://localhost:8000/person/alexander-kariavu-njue/,5928,560,1B41A748-8F67-E211-8158-00505687000D,Alexander Kariavu Njue,,ALEXANDER KARIAVU NJUE,1B41A748-8F67-E211-8158-00505687000D,
,,,,,http://localhost:8000/person/augustine-njeru-kathangu/,5923,558,BB54C6B2-DA66-E211-A3B9-00505687000D,Augustine Njeru Kathangu,,AUGUSTINE NJERU KATHANGU,BB54C6B2-DA66-E211-A3B9-00505687000D,
,,,,,http://localhost:8000/person/charity-wanjiru-nyaga/,5926,559,09911F17-BC6B-E211-A5C8-005056870012,Charity Wanjiru Nyaga,,CHARITY WANJIRU NYAGA,09911F17-BC6B-E211-A5C8-005056870012,
,,,Old,,http://localhost:8000/person/lenny-kivuti/,5534,55,9B00B5AE-C466-E211-A3B9-00505687000D,Lenny Maxwell Kivuti,,LENNY MAXWELL KIVUTI,9B00B5AE-C466-E211-A3B9-00505687000D,
,,,,[delpos],http://localhost:8000/person/Peter-ndwiga/,5924,278,F25CE7D1-9B67-E211-8158-00505687000D,Peter Njeru Ndwiga,Njeru Ndwiga,PETER NJERU NDWIGA,F25CE7D1-9B67-E211-8158-00505687000D,
,,,Old,,http://localhost:8000/person/Peter-ndwiga/,5687,278,,Peter Njeru Ndwiga,Njeru Ndwiga,,,
,,,,,,,,,,,,,
,,,,,,,,,,,,,
EMBU,County,Women Representative,,,,,,,,,,,
,,,,,,,,,,,,,
,,,,,http://localhost:8000/person/beatrice-kanini-nyagah/,5939,565,A426C6C7-796C-E211-A5C8-005056870012,Beatrice Kanini Nyagah,,BEATRICE KANINI NYAGAH,A426C6C7-796C-E211-A5C8-005056870012,
,,,,,http://localhost:8000/person/edith-roseline-nginya-njeru/,5929,561,C254C6B2-DA66-E211-A3B9-00505687000D,Edith Roseline Nginya Njeru,,EDITH ROSELINE NGINYA NJERU,C254C6B2-DA66-E211-A3B9-00505687000D,
,,,,,http://localhost:8000/person/eusebia-warue-mwaniki/,5935,563,5201B5AE-C466-E211-A3B9-00505687000D,Eusebia Warue Mwaniki,,EUSEBIA WARUE MWANIKI,5201B5AE-C466-E211-A3B9-00505687000D,
,,,,,http://localhost:8000/person/floric-kageni-kaune/,5949,570,102C5CA9-EF6B-E211-A5C8-005056870012,Floric Kageni Kaune,,FLORIC KAGENI KAUNE,102C5CA9-EF6B-E211-A5C8-005056870012,
,,,,,http://localhost:8000/person/hellenwaiyigo-njue/,5937,564,6E905498-EC6B-E211-A5C8-005056870012,Hellen Waiyigo Njue,,HELLEN WAIYIGO NJUE,6E905498-EC6B-E211-A5C8-005056870012,
,,,,,http://localhost:8000/person/jane-florence-rwamba-njiru/,5941,566,6442EA78-626C-E211-A5C8-005056870012,Jane Florence Rwamba Njiru,,JANE FLORENCE RWAMBA NJIRU,6442EA78-626C-E211-A5C8-005056870012,
,,,,,http://localhost:8000/person/margaret-muthoni-mbogoh/,5945,568,A790DF45-4E6C-E211-A5C8-005056870012,Margaret Muthoni Mbogoh,,MARGARET MUTHONI MBOGOH,A790DF45-4E6C-E211-A5C8-005056870012,
,,,,,http://localhost:8000/person/mary-marigu/,5943,567,834EA171-BB66-E211-A3B9-00505687000D,Mary Marigu,,MARY MARIGU,834EA171-BB66-E211-A3B9-00505687000D,
,,,,,http://localhost:8000/person/mary-ndunge-mutua/,5947,569,A65528E4-F16B-E211-A5C8-005056870012,Mary Ndunge Mutua,,MARY NDUNGE MUTUA,A65528E4-F16B-E211-A5C8-005056870012,
,,,,,http://localhost:8000/person/rose-rwamba-mitaru/,5931,562,2338EDD7-9B67-E211-8158-00505687000D,Rose Rwamba Mitaru,,ROSE RWAMBA MITARU,2338EDD7-9B67-E211-8158-00505687000D,
,,,,[delpos],http://localhost:8000/person/rosemary-wanja-nthiga/,5933,413,46D8FA30-D366-E211-A3B9-00505687000D,Rosemary Wanja Nthiga,,ROSEMARY WANJA NTHIGA,46D8FA30-D366-E211-A3B9-00505687000D,
,,,Old,,http://localhost:8000/person/rosemary-wanja-nthiga/,5063,413,,Rosemary Wanja Nthiga,,,,
,,,,,,,,,,,,,
,,,,,,,,,,,,,
HOMA BAY,County,Governor,,,,,,,,,,,
,,,,,,,,,,,,,
,,,,,http://localhost:8000/person/cyprian-a-otieno-awiti/,5978,585,4BB6B34B-866B-E211-A5C8-005056870012,Cyprian A. Otieno Awiti,,CYPRIAN A. OTIENO AWITI,4BB6B34B-866B-E211-A5C8-005056870012,
,,,,,http://localhost:8000/person/owiti-benson-odhiambo/,5976,584,7EC6D3CC-346C-E211-A5C8-005056870012,Owiti Benson Odhiambo,,OWITI BENSON ODHIAMBO,7EC6D3CC-346C-E211-A5C8-005056870012,
,,,,,http://localhost:8000/person/philip-ochieng-auko/,5974,583,2813C630-596C-E211-A5C8-005056870012,Philip Ochieng' Auko,,PHILIP OCHIENG' AUKO,2813C630-596C-E211-A5C8-005056870012,
,,,Old,[endpos],http://localhost:8000/person/philip-okundi/,5092,344,,Philip Okoth Okundi,,,,
,,,,,,,,,,,,,
,,,,,,,,,,,,,
ISIOLO,County,Governor,,,,,,,,,,,
,,,,,,,,,,,,,
,,,,,http://localhost:8000/person/abdul-bahari-ali/,5990,591,95828050-9F67-E211-8158-00505687000D,Abdul Bahari Ali,,ABDUL BAHARI ALI,95828050-9F67-E211-8158-00505687000D,
,,,,,http://localhost:8000/person/domiziano-laikuru-maingi/,5992,592,8900B5AE-C466-E211-A3B9-00505687000D,Domiziano Laikuru Maingi,,DOMIZIANO LAIKURU MAINGI,8900B5AE-C466-E211-A3B9-00505687000D,
,,,,,http://localhost:8000/person/godana-doyo-adhi/,5994,593,262531E2-3569-E211-9497-005056870012,Godana Doyo Adhi,,GODANA DOYO ADHI,262531E2-3569-E211-9497-005056870012,
,,,,,http://localhost:8000/person/yusuf-wako-dogo/,5996,594,422B2328-706B-E211-A5C8-005056870012,Yusuf Wako Dogo,,YUSUF WAKO DOGO,422B2328-706B-E211-A5C8-005056870012,
,,,Old,Yusuf Wako Dogo,http://localhost:8000/person/yussuf-dogo/,5390,468,,Yussuf Wako Dogo,,,,
,,,Old,Domiziano Laikuru Maingi,http://localhost:8000/person/domiciano-mainge/,5399,469,,Domiciano Mainge,,,,
,,,Old,Abdul Bahari Ali,http://localhost:8000/person/Bahari-Ali-Jillo/,5333,156,,Abdul Bahari Ali Jillo,,,,
,,,,,,,,,,,,,
,,,,,,,,,,,,,
ISIOLO,County,Senator,,,,,,,,,,,
,,,,,,,,,,,,,
,,,,,http://localhost:8000/person/abdrahman-abdullahi-ismail/,6002,597,4E46F57D-AE6B-E211-A5C8-005056870012,Abdrahman Abdullahi Ismail,,ABDRAHMAN ABDULLAHI ISMAIL,4E46F57D-AE6B-E211-A5C8-005056870012,
,,,,,http://localhost:8000/person/charfano-guyo-mokku/,6004,598,D6FEEEAF-796B-E211-A5C8-005056870012,Charfano Guyo Mokku,,CHARFANO GUYO MOKKU,D6FEEEAF-796B-E211-A5C8-005056870012,
,,,,,http://localhost:8000/person/mohamed-abdi-kuti/,6000,596,BB5485EE-3569-E211-9497-005056870012,Mohamed Abdi Kuti,,MOHAMED ABDI KUTI,BB5485EE-3569-E211-9497-005056870012,
,,,,,http://localhost:8000/person/mohamed-konso-hallo/,5998,595,23838050-9F67-E211-8158-00505687000D,Mohamed Konso Hallo,,MOHAMED KONSO HALLO,23838050-9F67-E211-8158-00505687000D,
,,,Old,Mohamed Konso Hallo,http://localhost:8000/person/mohammed-hallo/,5277,453,,Mohammed Konso Hallo,,,,
,,,,Mohamed Abdi Kuti,http://localhost:8000/person/mohammed-kuti/,5776,60,,Mohammed Abdi Kuti,,,,
,,,,,,,,,,,,,
,,,,,,,,,,,,,
ISIOLO,County,Women Representative,,,,,,,,,,,
,,,,,,,,,,,,,
,,,,,http://localhost:8000/person/amina-mohamed-mohamud/,6008,600,4A01B5AE-C466-E211-A3B9-00505687000D,Amina Mohamed Mohamud,,AMINA MOHAMED MOHAMUD,4A01B5AE-C466-E211-A3B9-00505687000D,
,,,,,http://localhost:8000/person/lucy-nyoroka-mworia/,6012,602,883EE124-7C6B-E211-A5C8-005056870012,Lucy Nyoroka Mworia,,LUCY NYOROKA MWORIA,883EE124-7C6B-E211-A5C8-005056870012,
,,,,,http://localhost:8000/person/rehema-dida-jaldesa/,6010,601,A14AE42E-836B-E211-A5C8-005056870012,Rehema Dida Jaldesa,,REHEMA DIDA JALDESA,A14AE42E-836B-E211-A5C8-005056870012,
,,,,,http://localhost:8000/person/tiyah-galgalo-ali/,6006,599,1CAC7856-9F67-E211-8158-00505687000D,Tiyah Galgalo Ali,,TIYAH GALGALO ALI,1CAC7856-9F67-E211-8158-00505687000D,
,,,Old,Tiyah Galgalo Ali,http://localhost:8000/person/tiyah-galgalo/,5341,460,,Tiyah Galgalo,,,,
,,,,,,,,,,,,,
,,,,,,,,,,,,,
KAKAMEGA,County,Governor,,,,,,,,,,,
,,,,,,,,,,,,,
,,,,,http://localhost:8000/person/albert-stanslous-mwilitsa/,6045,619,7B1C85E8-3569-E211-9497-005056870012,Albert Stanslous Mwilitsa,,ALBERT STANSLOUS MWILITSA,7B1C85E8-3569-E211-9497-005056870012,
,,,,,http://localhost:8000/person/jared-waudo-wangia/,6043,618,1C8FF556-256D-E211-A5C8-005056870012,Jared Waudo Wangia,,JARED WAUDO WANGIA,1C8FF556-256D-E211-A5C8-005056870012,
,,,,,http://localhost:8000/person/lawrence-simbauni-ndombi/,6048,620,871739F7-A76C-E211-A5C8-005056870012,Lawrence Simbauni Ndombi,,LAWRENCE SIMBAUNI NDOMBI,871739F7-A76C-E211-A5C8-005056870012,
,,,,,http://localhost:8000/person/paul-polland-olando/,6050,621,84FB4324-A66C-E211-A5C8-005056870012,Paul Polland Olando,,PAUL POLLAND OLANDO,84FB4324-A66C-E211-A5C8-005056870012,
,,,,,http://localhost:8000/person/wycliffe-ambetsa-oparanyah/,6052,622,759CBEA9-486C-E211-A5C8-005056870012,Wycliffe Ambetsa Oparanyah,,WYCLIFFE AMBETSA OPARANYAH,759CBEA9-486C-E211-A5C8-005056870012,
,,,Old,Wycliffe Ambetsa Oparanyah,http://localhost:8000/person/wycliffe-oparanya/,5473,201,,Wycliffe Ambetsa Oparanya,Wycliffe Oparanya,,,
,,,Old,[endpos],http://localhost:8000/person/wycliffe-oparanya/,5472,201,,Wycliffe Ambetsa Oparanya,Wycliffe Oparanya,,,
,,,Old,[endpos],http://localhost:8000/person/soita-shitanda/,5620,207,9E95C437-B96C-E211-A5C8-005056870012,Peter Soita Shitanda,Soita Shitanda,,,
,,,,,,,,,,,SOITA PETER SHITANDA,9E95C437-B96C-E211-A5C8-005056870012,
,,,,,,,,,,,,,
,,,,,,,,,,,,,
KAKAMEGA,County,Senator,,,,,,,,,,,
,,,,,,,,,,,,,
,,,,,http://localhost:8000/person/anderson-ambindi-murunga/,6054,623,25CE0708-9C67-E211-8158-00505687000D,Anderson Ambindi Murunga,,ANDERSON AMBINDI MURUNGA,25CE0708-9C67-E211-8158-00505687000D,
,,,,,http://localhost:8000/person/anota-khasiani-shanyisa/,6060,626,889CBEA9-486C-E211-A5C8-005056870012,Anota Khasiani Shanyisa,,ANOTA KHASIANI SHANYISA,889CBEA9-486C-E211-A5C8-005056870012,
,,,,,http://localhost:8000/person/boni-khalwale/,6058,625,70F9D94B-4E6C-E211-A5C8-005056870012,Boni Khalwale,,BONI KHALWALE,70F9D94B-4E6C-E211-A5C8-005056870012,
,,,,,http://localhost:8000/person/shakhalaga-khwa-jirongo/,6056,624,034E2164-846C-E211-A5C8-005056870012,Shakhalaga Khwa Jirongo,,SHAKHALAGA KHWA JIRONGO,034E2164-846C-E211-A5C8-005056870012,
,,,Old,Boni Khalwale,http://localhost:8000/person/bonny-khalwale/,5471,170,,Bonny Khalwale,,,,
,,,,,,,,,,,,,
,,,,,,,,,,,,,
KIAMBU,County,Governor,,,,,,,,,,,
,,,,,,,,,,,,,
,,,,,http://localhost:8000/person/charles-weru-gikaria/,6102,645,C8E7BEFE-AD6C-E211-A5C8-005056870012,Charles Weru Gikaria,,CHARLES WERU GIKARIA,C8E7BEFE-AD6C-E211-A5C8-005056870012,
,,,,,http://localhost:8000/person/david-muhia-githii/,6100,644,57C3426B-4E69-E211-BA98-005056870012,David Muhia Githii,,DAVID MUHIA GITHII,57C3426B-4E69-E211-BA98-005056870012,
,,,,,http://localhost:8000/person/gakuru-kanyanja/,6097,643,8C00B5AE-C466-E211-A3B9-00505687000D,Gakuru Kanyanja,,GAKURU KANYANJA,8C00B5AE-C466-E211-A3B9-00505687000D,
,,,Old,,http://localhost:8000/person/william-kabogo/,5147,162,8F71DC5D-E26A-E211-A5C8-005056870012,William Kabogo Gitau,,WILLIAM KABOGO GITAU,8F71DC5D-E26A-E211-A5C8-005056870012,
,,,Old,,http://localhost:8000/person/bedan-mbugua/,5450,478,ECFB947D-0767-E211-A3B9-00505687000D,Bedan Mbugua,,,,
,,,Old,,http://localhost:8000/person/james-nyoro/,5408,470,6CECD0EB-906C-E211-A5C8-005056870012,James Nyoro,,,,
,,,Old,,http://localhost:8000/person/stanley-githunguri/,5466,21,,Stanley Munga Githunguri,Stanley Githunguri,,,
,,,Old,,http://localhost:8000/person/david-githii-muhia/,5446,477,,David Githii Muhia,Rev. David Githii,,,
,,,,,,,,,,,BEDAN NG'ANG'A MBUGUA,ECFB947D-0767-E211-A3B9-00505687000D,
,,,,,,,,,,,JAMES KARANJA NYORO,6CECD0EB-906C-E211-A5C8-005056870012,
,,,,,,,,,,,,,
,,,,,,,,,,,,,
KILIFI,County,Governor,,,,,,,,,,,
,,,,,,,,,,,,,
,,,,,http://localhost:8000/person/amason-jeffa-kingi/,6153,670,749CBEA9-486C-E211-A5C8-005056870012,Amason Jeffa Kingi,,AMASON JEFFA KINGI,749CBEA9-486C-E211-A5C8-005056870012,
,,,,,http://localhost:8000/person/anthony-kingi-kazungu/,6144,665,3C7AB9F7-9467-E211-8158-00505687000D,Anthony Kingi Kazungu,,ANTHONY KINGI KAZUNGU,3C7AB9F7-9467-E211-8158-00505687000D,
,,,,,http://localhost:8000/person/francis-bayah/,6149,668,881C85E8-3569-E211-9497-005056870012,Francis Bayah,,FRANCIS BAYAH,881C85E8-3569-E211-9497-005056870012,
,,,,,http://localhost:8000/person/gabriel-katana-gona/,6159,673,BCD999B8-A46C-E211-A5C8-005056870012,Gabriel Katana Gona,,GABRIEL KATANA GONA,BCD999B8-A46C-E211-A5C8-005056870012,
,,,,,http://localhost:8000/person/geoffrey-charo-kahindi-katsoleh/,6155,671,7EDCFD4C-D966-E211-A3B9-00505687000D,Geoffrey Charo Kahindi Katsoleh,,GEOFFREY CHARO KAHINDI KATSOLEH,7EDCFD4C-D966-E211-A3B9-00505687000D,
,,,,,http://localhost:8000/person/john-mwapahe-lenga/,6157,672,F877E31F-B567-E211-8158-00505687000D,John Mwapahe Lenga,,JOHN MWAPAHE LENGA,F877E31F-B567-E211-8158-00505687000D,
,,,,,http://localhost:8000/person/john-safari-mumba/,6151,669,F6B25F40-936C-E211-A5C8-005056870012,John Safari Mumba,,JOHN SAFARI MUMBA,F6B25F40-936C-E211-A5C8-005056870012,
,,,,,http://localhost:8000/person/lenno-mwambura-mbaga/,6145,666,E8E22CAD-BA6B-E211-A5C8-005056870012,Lenno Mwambura Mbaga,,LENNO MWAMBURA MBAGA,E8E22CAD-BA6B-E211-A5C8-005056870012,
,,,,,http://localhost:8000/person/michael-jefwa-tinga/,6147,667,43C0C867-A067-E211-8158-00505687000D,Michael Jefwa Tinga,,MICHAEL JEFWA TINGA,43C0C867-A067-E211-8158-00505687000D,
,,,Old,Amason Jeffa Kingi,http://localhost:8000/person/amason-kingi/,5625,27,,Amason Jeffah Kingi,Amason Kingi,,,
,,,,,,,,,,,,,
,,,,,,,,,,,,,
KIRINYAGA,County,Governor,,,,,,,,,,,
,,,,,,,,,,,,,
,,,,,http://localhost:8000/person/bedan-muriithi-kagai/,6211,699,C48348AE-BB66-E211-A3B9-00505687000D,Bedan Muriithi Kagai,,BEDAN MURIITHI KAGAI,C48348AE-BB66-E211-A3B9-00505687000D,
,,,,,http://localhost:8000/person/james-kareu-kibicho/,6207,697,CA6DE73A-4A6D-E211-A5C8-005056870012,James Kareu Kibicho,,JAMES KAREU KIBICHO,CA6DE73A-4A6D-E211-A5C8-005056870012,
,,,,,http://localhost:8000/person/james-munyambu-nyagah/,6209,698,5060075C-C866-E211-A3B9-00505687000D,James Munyambu Nyagah,,JAMES MUNYAMBU NYAGAH,5060075C-C866-E211-A3B9-00505687000D,
,,,,,http://localhost:8000/person/john-mwangi-kiragu/,6205,696,4C6F1A7E-C466-E211-A3B9-00505687000D,John Mwangi Kiragu,,JOHN MWANGI KIRAGU,4C6F1A7E-C466-E211-A3B9-00505687000D,
,,,,,http://localhost:8000/person/joseph-kathuri-ndathi/,6203,695,3B402A87-7C69-E211-B91E-005056870012,Joseph Kathuri Ndathi,,JOSEPH KATHURI NDATHI,3B402A87-7C69-E211-B91E-005056870012,
,,,Old,[endpos],http://localhost:8000/person/robinson-githae/,5263,159,,Robinson Njeru Githae,,,,
,,,,,,,,,,,,,
,,,,,,,,,,,,,
KISUMU,County,Governor,,,,,,,,,,,
,,,,,,,,,,,,,
,,,,,http://localhost:8000/person/francis-erick-otieno-osenya/,6277,730,0A5B6604-426D-E211-A5C8-005056870012,Francis Erick Otieno Osenya,,FRANCIS ERICK OTIENO OSENYA,0A5B6604-426D-E211-A5C8-005056870012,
,,,,,http://localhost:8000/person/jackton-nyanungo-ranguma/,6279,731,709CBEA9-486C-E211-A5C8-005056870012,Jackton Nyanungo Ranguma,,JACKTON NYANUNGO RANGUMA,709CBEA9-486C-E211-A5C8-005056870012,
,,,Old,[endpos],http://localhost:8000/person/peter-owino-omollo/,5386,467,,Peter Owino Omollo,,,,
,,,,,,,,,,,,,
,,,,,,,,,,,,,
KITUI,County,Governor,,,,,,,,,,,
,,,,,,,,,,,,,
,,,,,http://localhost:8000/person/julius-kiema-kilonzo/,6297,740,BAD1A98A-4B6D-E211-A5C8-005056870012,Julius Kiema Kilonzo,,JULIUS KIEMA KILONZO,BAD1A98A-4B6D-E211-A5C8-005056870012,
,,,,,http://localhost:8000/person/julius-makau-malombe/,6295,739,372A2269-8E6C-E211-A5C8-005056870012,Julius Makau Malombe,,JULIUS MAKAU MALOMBE,372A2269-8E6C-E211-A5C8-005056870012,
,,,,,http://localhost:8000/person/nzamba-kitonga/,6298,451,1841A748-8F67-E211-8158-00505687000D,Philip Nzamba Kitonga,Nzamba Kitonga,PHILIP NZAMBA KITONGA,1841A748-8F67-E211-8158-00505687000D,
,,,Old,Julius Kiema Kilonzo,http://localhost:8000/person/Kiema-kilonzo/,5264,172,,Julius Kiema Kilonzo,Kiema Kilonzo,,,
,,,,,,,,,,,,,
,,,,,,,,,,,,,
KITUI,County,Women Representative,,,,,,,,,,,
,,,,,,,,,,,,,
,,,,,http://localhost:8000/person/grace-musenya-mutinda/,6310,744,CA632C93-6366-E211-A3B9-00505687000D,Grace Musenya Mutinda,,GRACE MUSENYA MUTINDA,CA632C93-6366-E211-A3B9-00505687000D,
,,,,,http://localhost:8000/person/jane-mwende-kimuyu-kibati/,6314,746,3454DB25-B567-E211-8158-00505687000D,Jane Mwende Kimuyu Kibati,,JANE MWENDE KIMUYU KIBATI,3454DB25-B567-E211-8158-00505687000D,
,,,,,http://localhost:8000/person/peace-muluu/,6308,743,B035037E-536D-E211-A5C8-005056870012,Peace Muluu,,PEACE MULUU,B035037E-536D-E211-A5C8-005056870012,
,,,Old,,http://localhost:8000/person/nyiva-mwendwa/,5194,275,422A2269-8E6C-E211-A5C8-005056870012,Winfred Nyiva Mwendwa,Nyiva Mwendwa,WINFRED NYIVA MWENDWA,422A2269-8E6C-E211-A5C8-005056870012,
,,,,,http://localhost:8000/person/winifred-syombua-kitetu/,6312,745,EFDB273B-546D-E211-A5C8-005056870012,Winifred Syombua Kitetu,,WINIFRED SYOMBUA KITETU,EFDB273B-546D-E211-A5C8-005056870012,
,,,Old,Winifred Syombua Kitetu,http://localhost:8000/person/winnie-kitetu/,5210,438,,Winnie Kitetu,,,,
,,,,,,,,,,,,,
,,,,,,,,,,,,,
KWALE,County,Governor,,,,,,,,,,,
,,,,,,,,,,,,,
,,,,,http://localhost:8000/person/james-daniel-gereza-dena/,6335,756,726708A1-916C-E211-A5C8-005056870012,James Daniel Gereza Dena,,JAMES DANIEL GEREZA DENA,726708A1-916C-E211-A5C8-005056870012,
,,,,,http://localhost:8000/person/kassim-rigga-mambo/,6330,754,831C85E8-3569-E211-9497-005056870012,Kassim Rigga Mambo,,KASSIM RIGGA MAMBO,831C85E8-3569-E211-9497-005056870012,
,,,Old,,http://localhost:8000/person/michael-nyanje/,5420,471,09631D4F-8E6C-E211-A5C8-005056870012,Michael Chidzao Nyanje,,MICHAEL CHIDZAO NYANJE,09631D4F-8E6C-E211-A5C8-005056870012,
,,,,,http://localhost:8000/person/mwarapayo-abdalla-mohamed-wa-mwachai/,6328,753,E815F300-2467-E211-A3B9-00505687000D,Mwarapayo Abdalla Mohamed Wa-Mwachai,,MWARAPAYO ABDALLA MOHAMED WA-MWACHAI,E815F300-2467-E211-A3B9-00505687000D,
,,,,,http://localhost:8000/person/salim-mvurya-mgala/,6333,755,C05D0BBD-426C-E211-A5C8-005056870012,Salim Mvurya Mgala,,SALIM MVURYA MGALA,C05D0BBD-426C-E211-A5C8-005056870012,
,,,,,http://localhost:8000/person/simeon-mkalla/,6331,475,4E784665-3C6C-E211-A5C8-005056870012,Simeon Mkalla,,,,
,,,Old,James Daniel Gereza Dena,http://localhost:8000/person/james-gereza-dena/,5430,474,,James Gereza Dena,,,,
,,,Old,Mwarapayo Abdalla Mohamed Wa-Mwachai,http://localhost:8000/person/mohammed-wa-mwachai/,5085,418,,Mohammed wa Mwachai,,,,
,,,Old,Salim Mvurya Mgala,http://localhost:8000/person/salim-mvurya/,5424,472,,Salim Mvurya,,,,
,,,Old,Simeon Mkalla,http://localhost:8000/person/simeon-mkalla/,5432,475,,Simeon Mkalla,,,,
,,,Old,Kassim Rigga Mambo,http://localhost:8000/person/kassim-riga-mambo/,5427,473,,Kassim Riga Mambo,,,,
,,,,,,,,,,,SIMEON MWERO MKALLA,4E784665-3C6C-E211-A5C8-005056870012,
,,,,,,,,,,,,,
,,,,,,,,,,,,,
LAIKIPIA,County,Governor,,,,,,,,,,,
,,,,,,,,,,,,,
,,,,,http://localhost:8000/person/festus-mwangi-kiunjuri/,6348,762,FCF2A76B-BB66-E211-A3B9-00505687000D,Festus Mwangi Kiunjuri,,FESTUS MWANGI KIUNJURI,FCF2A76B-BB66-E211-A3B9-00505687000D,
,,,,,http://localhost:8000/person/joshua-wakahora-irungu/,6344,760,F8F49575-2F6D-E211-A5C8-005056870012,Joshua Wakahora Irungu,,JOSHUA WAKAHORA IRUNGU,F8F49575-2F6D-E211-A5C8-005056870012,
,,,,,http://localhost:8000/person/ndiritu-muriithi/,6350,91,9BB8182E-656C-E211-A5C8-005056870012,Ndiritu Muriithi,,NDIRITU MURIITHI,9BB8182E-656C-E211-A5C8-005056870012,
,,,,,http://localhost:8000/person/richard-mburu-kamau/,6346,761,0EFEDECC-306D-E211-A5C8-005056870012,Richard Mburu Kamau,,RICHARD MBURU KAMAU,0EFEDECC-306D-E211-A5C8-005056870012,
,,,Old,Festus Mwangi Kiunjuri,http://localhost:8000/person/mwangi-kiunjuri/,5575,175,,Festus Mwangi Kiunjuri,Mwangi Kiunjuri,,,
,,,,,,,,,,,,,
,,,,,,,,,,,,,
LAMU,County,Governor,,,,,,,,,,,
,,,,,,,,,,,,,
,,,,,http://localhost:8000/person/david-mwaure-waihiga/,6380,776,4F6F1A7E-C466-E211-A3B9-00505687000D,David Mwaure Waihiga,,DAVID MWAURE WAIHIGA,4F6F1A7E-C466-E211-A3B9-00505687000D,
,,,,,http://localhost:8000/person/fahim-yasin-twaha/,6376,774,DD7AAD90-9F67-E211-8158-00505687000D,Fahim Yasin Twaha,,FAHIM YASIN TWAHA,DD7AAD90-9F67-E211-8158-00505687000D,
,,,,,http://localhost:8000/person/swaleh-salim-swaleh/,6378,775,8300B5AE-C466-E211-A3B9-00505687000D,Swaleh Salim Swaleh,,SWALEH SALIM SWALEH,8300B5AE-C466-E211-A3B9-00505687000D,
,,,,,http://localhost:8000/person/timamy-issa-abdalla/,6382,777,53505E82-4E69-E211-BA98-005056870012,Timamy Issa Abdalla,,TIMAMY ISSA ABDALLA,53505E82-4E69-E211-BA98-005056870012,
,,,Old,Timamy Issa Abdalla,http://localhost:8000/person/issa-timamy/,5316,457,,Issa Timamy,,,,
,,,Old,Fahim Yasin Twaha,http://localhost:8000/person/yasin-twaha/,5677,145,,Yasin Fahim Twaha,,,,
,,,Old,[endpos],http://localhost:8000/person/Abu-chiaba/,5685,3,,Abu Mohamed Chiaba,Abu Chiaba,,,
,,,,,,,,,,,,,
,,,,,,,,,,,,,
MACHAKOS,County,Senator,,,,,,,,,,,
,,,,,,,,,,,,,
,,,,,http://localhost:8000/person/ambrose-samuel-kiilu-nzomo/,6411,790,A43113D1-996C-E211-A5C8-005056870012,Ambrose Samuel Kiilu Nzomo,,AMBROSE SAMUEL KIILU NZOMO,A43113D1-996C-E211-A5C8-005056870012,
,,,,,http://localhost:8000/person/boniface-mutinda-kabaka/,6415,792,A562D082-F366-E211-A3B9-00505687000D,Boniface Mutinda Kabaka,,BONIFACE MUTINDA KABAKA,A562D082-F366-E211-A3B9-00505687000D,
,,,,,http://localhost:8000/person/johnson-muthama/,6409,96,5ED36A18-8E6C-E211-A5C8-005056870012,Johnson Nduya Muthama,,JOHNSON NDUYA MUTHAMA,5ED36A18-8E6C-E211-A5C8-005056870012,
,,,,,http://localhost:8000/person/leonard-mutua-ndambuki/,6413,791,5E60075C-C866-E211-A3B9-00505687000D,Leonard Mutua Ndambuki,,LEONARD MUTUA NDAMBUKI,5E60075C-C866-E211-A3B9-00505687000D,
,,,Old,Johnson Nduya Muthama,http://localhost:8000/person/johnson-muthama/,5370,96,,Johnson Nduya Muthama,,,,
,,,,,,,,,,,,,
,,,,,,,,,,,,,
MAKUENI,County,Governor,,,,,,,,,,,
,,,,,,,,,,,,,
,,,,,http://localhost:8000/person/cosmas-kyalo-muthembwa/,6439,803,67923704-7B69-E211-B91E-005056870012,Cosmas Kyalo Muthembwa,,COSMAS KYALO MUTHEMBWA,67923704-7B69-E211-B91E-005056870012,
,,,,,http://localhost:8000/person/jones-mutuku-mutwii/,6435,801,A64DC424-5B6D-E211-A5C8-005056870012,Jones Mutuku Mutwii,,JONES MUTUKU MUTWII,A64DC424-5B6D-E211-A5C8-005056870012,
,,,,,http://localhost:8000/person/kivutha-kibwana/,6441,804,4F610671-FC66-E211-A3B9-00505687000D,Kivutha Kibwana,,KIVUTHA KIBWANA,4F610671-FC66-E211-A3B9-00505687000D,
,,,,,http://localhost:8000/person/peter-eliud-mutua-maundu/,6443,805,C8195698-056A-E211-B91E-005056870012,Peter Eliud Mutua Maundu,,PETER ELIUD MUTUA MAUNDU,C8195698-056A-E211-B91E-005056870012,
,,,,,http://localhost:8000/person/peter-kavoo-kilonzo/,6437,802,5660075C-C866-E211-A3B9-00505687000D,Peter Kavoo Kilonzo,,PETER KAVOO KILONZO,5660075C-C866-E211-A3B9-00505687000D,
,,,,PHILIP KYALO KITUTI KALOKI,http://localhost:8000/person/philip-kaloki/,6433,62,0E86C22B-8E6C-E211-A5C8-005056870012,Philip Kyalo Kaloki,,,,
,,,Old,Kivutha Kibwana,http://localhost:8000/person/kibwana-kivutha/,5133,277,,Kibwana Kivutha,,,,
,,,,,,,,,,,PHILIP KYALO KITUTI KALOKI,0E86C22B-8E6C-E211-A5C8-005056870012,
,,,,,,,,,,,,,
,,,,,,,,,,,,,
MAKUENI,County,Women Representative,,,,,,,,,,,
,,,,,,,,,,,,,
,,,,,http://localhost:8000/person/caroline-mumbua-malinda/,6451,809,0C731FA0-106B-E211-A5C8-005056870012,Caroline Mumbua Malinda,,CAROLINE MUMBUA MALINDA,0C731FA0-106B-E211-A5C8-005056870012,
,,,,,http://localhost:8000/person/eunice-munanie-kyalo/,6455,811,6254DB25-B567-E211-8158-00505687000D,Eunice Munanie Kyalo,,EUNICE MUNANIE KYALO,6254DB25-B567-E211-8158-00505687000D,
,,,,,http://localhost:8000/person/jane-wavinya-muoka-kitundu/,6453,810,92C3F6FC-1F6A-E211-B91E-005056870012,Jane Wavinya Muoka Kitundu,,JANE WAVINYA MUOKA KITUNDU,92C3F6FC-1F6A-E211-B91E-005056870012,
,,,,,http://localhost:8000/person/rose-museo-mumo/,6449,808,0498BD12-126B-E211-A5C8-005056870012,Rose Museo Mumo,,ROSE MUSEO MUMO,0498BD12-126B-E211-A5C8-005056870012,
,,,,,http://localhost:8000/person/roseline-mutheu-john/,6457,812,60C1C850-126B-E211-A5C8-005056870012,Roseline Mutheu John,,ROSELINE MUTHEU JOHN,60C1C850-126B-E211-A5C8-005056870012,
,,,Old,[endpos],http://localhost:8000/person/grace-mwewa/,5198,436,,Grace Mwewa,,,,
,,,Old,Eunice Munanie Kyalo,http://localhost:8000/person/eunice-munanie/,5211,439,,Eunice Munanie,,,,
,,,Old,AGNES MUTINDI NDETEI,http://localhost:8000/person/agnes-ndetei/,5205,437,9D60DAF1-106B-E211-A5C8-005056870012,Agnes Ndetei,,,,
,,,,,,,,,,,AGNES MUTINDI NDETEI,9D60DAF1-106B-E211-A5C8-005056870012,
,,,,,,,,,,,,,
,,,,,,,,,,,,,
MERU,County,Governor,,,,,,,,,,,
,,,,,,,,,,,,,
,,,,,http://localhost:8000/person/hezekiah-gichunge/,6506,836,EF15F300-2467-E211-A3B9-00505687000D,Hezekiah Gichunge,,HEZEKIAH GICHUNGE,EF15F300-2467-E211-A3B9-00505687000D,
,,,,,http://localhost:8000/person/jasto-mati-maore/,6510,838,B670ECBA-D76C-E211-A5C8-005056870012,Jasto Mati Maore,,JASTO MATI MAORE,B670ECBA-D76C-E211-A5C8-005056870012,
,,,,,http://localhost:8000/person/reuben-mbaine-marambii/,6508,837,A80BE8DE-E06B-E211-A5C8-005056870012,Reuben Mbaine Marambii,,REUBEN MBAINE MARAMBII,A80BE8DE-E06B-E211-A5C8-005056870012,
,,,,,http://localhost:8000/person/kilemi-mwiria/,6504,190,9F280C44-9F67-E211-8158-00505687000D,Valerian Kilemi Mwiria,Kilemi Mwiria,,,
,,,Old,PETER GATIRAU MUNYA,http://localhost:8000/person/peter-munya/,5536,186,8F00B5AE-C466-E211-A3B9-00505687000D,Peter Munya Gatirau,Peter Munya,,,
,,,Old,KILEMI MWIRIA,http://localhost:8000/person/kilemi-mwiria/,5679,190,,Valerian Kilemi Mwiria,Kilemi Mwiria,,,
,,,,,,,,,,,KILEMI MWIRIA,9F280C44-9F67-E211-8158-00505687000D,
,,,,,,,,,,,PETER GATIRAU MUNYA,8F00B5AE-C466-E211-A3B9-00505687000D,
,,,,,,,,,,,,,
,,,,,,,,,,,,,
MERU,County,Senator,,,,,,,,,,,
,,,,,,,,,,,,,
,,,Old,,http://localhost:8000/person/gitobu-imanyara/,5662,22,829CBEA9-486C-E211-A5C8-005056870012,Gitobu Imanyara,,GITOBU IMANYARA,829CBEA9-486C-E211-A5C8-005056870012,
,,,,,http://localhost:8000/person/kiraitu-murungi/,6512,93,9E00B5AE-C466-E211-A3B9-00505687000D,Kiraitu Murungi,,KIRAITU MURUNGI,9E00B5AE-C466-E211-A3B9-00505687000D,
,,,,,http://localhost:8000/person/walter-kirimi-mmuguna/,6514,839,52610671-FC66-E211-A3B9-00505687000D,Walter Kirimi M'Muguna,,WALTER KIRIMI M'MUGUNA,52610671-FC66-E211-A3B9-00505687000D,
,,,Old,[delpos],http://localhost:8000/person/kiraitu-murungi/,5532,93,,Kiraitu Murungi,,,,
,,,,,,,,,,,,,
,,,,,,,,,,,,,
MOMBASA,County,Senator,,,,,,,,,,,
,,,,,,,,,,,,,
,,,,,http://localhost:8000/person/alice-mbodze-joseph-sheme/,6562,864,EBD141DF-866C-E211-A5C8-005056870012,Alice Mbodze Joseph Sheme,,ALICE MBODZE JOSEPH SHEME,EBD141DF-866C-E211-A5C8-005056870012,
,,,,,http://localhost:8000/person/hassan-abdulrahman-mwakimako/,6566,866,C81C83BE-856C-E211-A5C8-005056870012,Hassan Abdulrahman Mwakimako,,HASSAN ABDULRAHMAN MWAKIMAKO,C81C83BE-856C-E211-A5C8-005056870012,
,,,,,http://localhost:8000/person/hassan-omar-hassan/,6564,865,988130D6-846C-E211-A5C8-005056870012,Hassan Omar Hassan,,HASSAN OMAR HASSAN,988130D6-846C-E211-A5C8-005056870012,
,,,Old,,http://localhost:8000/person/najib-balala/,5086,9,3F7AB9F7-9467-E211-8158-00505687000D,Najib Mohamed Balala,Najib Balala,NAJIB MOHAMED BALALA,3F7AB9F7-9467-E211-8158-00505687000D,
,,,Old,,http://localhost:8000/person/ramadhan-kajembe/,5474,163,839CBEA9-486C-E211-A5C8-005056870012,Ramadhan Seif Kajembe,,RAMADHAN SEIF KAJEMBE,839CBEA9-486C-E211-A5C8-005056870012,
,,,Old,Hassan Omar Hassan,http://localhost:8000/person/hassan-omar-hassan-sarai/,5126,431,,Hassan Omar Hassan Sarai,Hassan Omar,,,
,,,Old,[delpos],http://localhost:8000/person/najib-balala/,5419,9,3F7AB9F7-9467-E211-8158-00505687000D,Najib Mohamed Balala,Najib Balala,,,
,,,Old,[endpos],http://localhost:8000/person/rashid-shakombo/,5418,244,,Rashid Suleiman Shakombo,Rashid Shakombo,,,
,,,,,,,,,,,,,
,,,,,,,,,,,,,
MURANG'A,County,Senator,,,,,,,,,,,
,,,,,,,,,,,,,
,,,Old,,http://localhost:8000/person/kembi-gitura/,5689,242,7A7D3677-9F67-E211-8158-00505687000D,James Kembi Gitura,,JAMES KEMBI GITURA,7A7D3677-9F67-E211-8158-00505687000D,
,,,,,http://localhost:8000/person/john-joseph-kamotho/,6599,883,CA8348AE-BB66-E211-A3B9-00505687000D,John Joseph Kamotho,,JOHN JOSEPH KAMOTHO,CA8348AE-BB66-E211-A3B9-00505687000D,
,,,,,http://localhost:8000/person/joseph-waweru-ndungu/,6597,882,1C25239C-776C-E211-A5C8-005056870012,Joseph Waweru Ndung'U,,JOSEPH WAWERU NDUNG'U,1C25239C-776C-E211-A5C8-005056870012,
,,,Old,John Joseph Kamotho,http://localhost:8000/person/joseph-kamotho/,5191,241,,Joseph John Kamotho,JJ Kamotho,,,
,,,,,,,,,,,,,
,,,,,,,,,,,,,
NAIROBI,County,Governor,,,,,,,,,,,
,,,,,,,,,,,,,
,,,,,http://localhost:8000/person/eric-mokua-arita/,37700,12466,,Eric Mokua Arita,,ERIC MOKUA ARITA,9F62D082-F366-E211-A3B9-00505687000D,
,,,,,http://localhost:8000/person/ferdinard-ndungu-waititu/,37702,12467,,Ferdinard Ndungu Waititu,,FERDINARD NDUNGU WAITITU,E4828050-9F67-E211-8158-00505687000D,
,,,,,http://localhost:8000/person/geoffrey-thuku-kobia/,37704,12468,,Geoffrey Thuku Kobia,,GEOFFREY THUKU KOBIA,21F73939-356D-E211-A5C8-005056870012,
,,,,,http://localhost:8000/person/joseph-mwangi-muchunu/,37706,12469,,Joseph Mwangi Muchunu,,JOSEPH MWANGI MUCHUNU,A57ED268-726C-E211-A5C8-005056870012,
,,,,,http://localhost:8000/person/richard-mutinda-kavemba/,37698,12465,,Richard Mutinda Kavemba,,RICHARD MUTINDA KAVEMBA,24B6EA99-DB69-E211-B91E-005056870012,
,,,,,http://localhost:8000/person/wanyiri-kihoro/,37696,12464,,Wanyiri Kihoro,,WANYIRI KIHORO,019971B8-326D-E211-A5C8-005056870012,
,,,Old,EVANS KIDERO,http://localhost:8000/person/evans-kidero/,5289,454,779CBEA9-486C-E211-A5C8-005056870012,Evans Odhiambo Kidero,Evans Kidero,,,
,,,Old,JIMNAH MWANGI MBARU,http://localhost:8000/person/jimnah-mbaru/,5110,429,9500B5AE-C466-E211-A3B9-00505687000D,Jimnah Mbaru,,,,
,,,Old,[endpos],http://localhost:8000/person/philip-kisia/,5375,466,99B7FD47-796C-E211-A5C8-005056870012,Philip Kisia,,,,
,,,Old,PHILIP MALWA KISIA,http://localhost:8000/person/ferdinand-waititu/,5124,147,,Ferdinand Ndung'u Waititu,Ferdinand Waititu,,,
,,,Old,[endpos],http://localhost:8000/person/john-gakuo/,5266,450,,John Gakuo,,,,
,,,,,,,,,,,EVANS KIDERO,779CBEA9-486C-E211-A5C8-005056870012,
,,,,,,,,,,,JIMNAH MWANGI MBARU,9500B5AE-C466-E211-A3B9-00505687000D,
,,,,,,,,,,,PHILIP MALWA KISIA,99B7FD47-796C-E211-A5C8-005056870012,
,,,,,,,,,,,,,
,,,,,,,,,,,,,
NAIROBI,County,Senator,,,,,,,,,,,
,,,,,,,,,,,,,
,,,,,http://localhost:8000/person/andrew-okiya-omtatah-okoiti/,37689,12460,,Andrew Okiya Omtatah Okoiti,,ANDREW OKIYA OMTATAH OKOITI,41E21315-0269-E211-9497-005056870012,
,,,,,http://localhost:8000/person/arnold-onyango-maliba/,37695,12463,,Arnold Onyango Maliba,,ARNOLD ONYANGO MALIBA,0DFC947D-0767-E211-A3B9-00505687000D,
,,,,,http://localhost:8000/person/bonifes-enos-adoyo/,37685,12458,,Bonifes Enos Adoyo,,BONIFES ENOS ADOYO,72C3F6FC-1F6A-E211-B91E-005056870012,
,,,,,http://localhost:8000/person/david-mbuthia-kinyua/,37687,12459,,David Mbuthia Kinyua,,DAVID MBUTHIA KINYUA,A700B5AE-C466-E211-A3B9-00505687000D,
,,,,,http://localhost:8000/person/mike-sonko-mbuvi-kioko/,37693,12462,,Mike Sonko Mbuvi Kioko,,MIKE SONKO MBUVI KIOKO,4CC0C867-A067-E211-8158-00505687000D,
,,,,,http://localhost:8000/person/richard-nyakwaka-adhere/,37683,12457,,Richard Nyakwaka Adhere,,RICHARD NYAKWAKA ADHERE,483B3283-376C-E211-A5C8-005056870012,
,,,,,http://localhost:8000/person/stanley-livondo/,37682,12456,,Stanley Livondo,,STANLEY LIVONDO,F33E965E-4E6C-E211-A5C8-005056870012,
,,,,,http://localhost:8000/person/thomas-njuiri-kimaru/,37691,12461,,Thomas Njuiri Kimaru,,THOMAS NJUIRI KIMARU,C78348AE-BB66-E211-A3B9-00505687000D,
,,,Old,MARGARET WANJIRU,http://localhost:8000/person/margaret-wanjiru/,5220,372,7D9CBEA9-486C-E211-A5C8-005056870012,Margaret Wanjiru Kariuki,Margaret Wanjiru,,,
,,,Old,Mike Sonko Mbuvi Kioko,http://localhost:8000/person/Gideon-mbuvi/,5467,80,,Gideon Mbuvi,'Mike Sonko',,,
,,,,,,,,,,,MARGARET WANJIRU,7D9CBEA9-486C-E211-A5C8-005056870012,
,,,,,,,,,,,,,
,,,,,,,,,,,,,
NAIROBI,County,Women Representative,,,,,,,,,,,
,,,,,,,,,,,,,
,,,,,http://localhost:8000/person/dinah-awour-agai/,37710,12471,,Dinah Awour Agai,,DINAH AWOUR AGAI,541A8C83-0767-E211-A3B9-00505687000D,
,,,,,http://localhost:8000/person/esther-passaris/,37717,12475,,Esther Passaris,,ESTHER PASSARIS,516818EE-8569-E211-B91E-005056870012,
,,,,,http://localhost:8000/person/irene-m-kasalu/,37729,12481,,Irene M. Kasalu,,IRENE M. KASALU,61852321-0269-E211-9497-005056870012,
,,,,,http://localhost:8000/person/jane-mwihaki-githaiga/,37711,12472,,Jane Mwihaki Githaiga,,JANE MWIHAKI GITHAIGA,A28D78E0-466C-E211-A5C8-005056870012,
,,,,,http://localhost:8000/person/mary-a-k-kimwele/,37727,12480,,Mary A. K. Kimwele,,MARY A. K. KIMWELE,AB71050D-C06A-E211-A5C8-005056870012,
,,,,,http://localhost:8000/person/mary-musuki-mudachi/,37719,12476,,Mary Musuki Mudachi,,MARY MUSUKI MUDACHI,0E63D082-F366-E211-A3B9-00505687000D,
,,,,,http://localhost:8000/person/peris-wanja-karanja/,37721,12477,,Peris Wanja Karanja,,PERIS WANJA KARANJA,7B4EA171-BB66-E211-A3B9-00505687000D,
,,,,,http://localhost:8000/person/priscah-wambui-huthu/,37723,12478,,Priscah Wambui Huthu,,PRISCAH WAMBUI HUTHU,09834947-7C6C-E211-A5C8-005056870012,
,,,,,http://localhost:8000/person/rachael-wambui-shebesh/,37708,12470,,Rachael Wambui Shebesh,,RACHAEL WAMBUI SHEBESH,9DB5BF6D-A067-E211-8158-00505687000D,
,,,,,http://localhost:8000/person/rahab-wangui-ndambuki/,37715,12474,,Rahab Wangui Ndambuki,,RAHAB WANGUI NDAMBUKI,31B6EA99-DB69-E211-B91E-005056870012,
,,,,,http://localhost:8000/person/sylvia-mingala/,37713,12473,,Sylvia Mingala,,SYLVIA MINGALA,902EC4AF-486C-E211-A5C8-005056870012,
,,,,,http://localhost:8000/person/tabitha-wanjira-mutero/,37725,12479,,Tabitha Wanjira Mutero,,TABITHA WANJIRA MUTERO,C847F417-F46C-E211-A5C8-005056870012,
,,,Old,Rachael Wambui Shebesh,http://localhost:8000/person/rachel-shebesh/,5146,377,,Rachel Wambui Shebesh,,,,
,,,,,,,,,,,,,
,,,,,,,,,,,,,
NANDI,County,Governor,,,,,,,,,,,
,,,,,,,,,,,,,
,,,,,http://localhost:8000/person/cleophas-kiprop-lagat/,6642,904,252531E2-3569-E211-9497-005056870012,Cleophas Kiprop Lagat,,CLEOPHAS KIPROP LAGAT,252531E2-3569-E211-9497-005056870012,
,,,,,http://localhost:8000/person/joseph-manjoy-lagat/,6640,903,4C5CCD40-5A66-E211-A3B9-00505687000D,Joseph Manjoy Lagat,,JOSEPH MANJOY LAGAT,4C5CCD40-5A66-E211-A3B9-00505687000D,
,,,,,http://localhost:8000/person/judah-kimeli-bett/,6644,905,2D4A24AF-DB66-E211-A3B9-00505687000D,Judah Kimeli Bett,,JUDAH KIMELI BETT,2D4A24AF-DB66-E211-A3B9-00505687000D,
,,,,,http://localhost:8000/person/seronei-chelulei-cheison/,6646,906,6CCB839E-7D6C-E211-A5C8-005056870012,Seronei Chelulei Cheison,,SERONEI CHELULEI CHEISON,6CCB839E-7D6C-E211-A5C8-005056870012,
,,,Old,[endpos],http://localhost:8000/person/stephen-tarus/,5465,315,,Stephen Kipkiyeny Tarus,Stephen Tarus,,,
,,,,,,,,,,,,,
,,,,,,,,,,,,,
NAROK,County,Governor,,,,,,,,,,,
,,,,,,,,,,,,,
,,,,,http://localhost:8000/person/daniel-talengo-kiptunen/,6666,915,B4CF866D-556D-E211-A5C8-005056870012,Daniel Talengo Kiptunen,,DANIEL TALENGO KIPTUNEN,B4CF866D-556D-E211-A5C8-005056870012,
,,,,,http://localhost:8000/person/francis-simiren-nkoitoi/,6672,918,8F5D476E-496D-E211-A5C8-005056870012,Francis Simiren Nkoitoi,,FRANCIS SIMIREN NKOITOI,8F5D476E-496D-E211-A5C8-005056870012,
,,,,,http://localhost:8000/person/john-oloishuro-konchellah/,6674,919,2F4A24AF-DB66-E211-A3B9-00505687000D,John Oloishuro Konchellah,,JOHN OLOISHURO KONCHELLAH,2F4A24AF-DB66-E211-A3B9-00505687000D,
,,,,,http://localhost:8000/person/johnson-parsamet-nchoe/,6676,920,E8AC869B-466D-E211-A5C8-005056870012,Johnson Parsamet Nchoe,,JOHNSON PARSAMET NCHOE,E8AC869B-466D-E211-A5C8-005056870012,
,,,,,http://localhost:8000/person/joseph-tiampati-ole-musuni/,6668,916,F015F300-2467-E211-A3B9-00505687000D,Joseph Tiampati Ole Musuni,,JOSEPH TIAMPATI OLE MUSUNI,F015F300-2467-E211-A3B9-00505687000D,
,,,Old,,http://localhost:8000/person/ledama-olekina/,5148,407,C84171EE-496D-E211-A5C8-005056870012,Ledama Olekina,,LEDAMA OLEKINA,C84171EE-496D-E211-A5C8-005056870012,
,,,,,http://localhost:8000/person/samuel-kuntai-tunai/,6670,917,242531E2-3569-E211-9497-005056870012,Samuel Kuntai Tunai,,SAMUEL KUNTAI TUNAI,242531E2-3569-E211-9497-005056870012,
,,,Old,[endpos],http://localhost:8000/person/richard-moitalel-ole-kenta/,5090,420,,Richard Moitalel ole Kenta,,,,
,,,Old,Joseph Tiampati Ole Musuni,http://localhost:8000/person/joseph-tiampati/,5096,424,,Joseph Tiampati Musuni,,,,
,,,,,,,,,,,,,
,,,,,,,,,,,,,
NAROK,County,Senator,,,,,,,,,,,
,,,,,,,,,,,,,
,,,,,http://localhost:8000/person/andrew-sunkuli-leteipa/,6677,921,EA754A27-5E6C-E211-A5C8-005056870012,Andrew Sunkuli Leteipa,,ANDREW SUNKULI LETEIPA,EA754A27-5E6C-E211-A5C8-005056870012,
,,,,,http://localhost:8000/person/bwogo-richard-birir/,6681,922,394A24AF-DB66-E211-A3B9-00505687000D,Bwogo Richard Birir,,BWOGO RICHARD BIRIR,394A24AF-DB66-E211-A3B9-00505687000D,
,,,,STEPHEN KANYINKE NTUTU,http://localhost:8000/person/stephen-ole-ntutu/,6679,338,C45485EE-3569-E211-9497-005056870012,Stephen Kanyinke Ole Ntutu,Stephen Ntutu,,,
,,,Old,Andrew Sunkuli Leteipa,http://localhost:8000/person/andrew-sunkuli/,5253,448,,Andrew Leteipa ole Sunkuli,,,,
,,,Old,JULIUS LEKAKENY OLE SUNKULI,http://localhost:8000/person/julius-sunkuli/,5107,427,17CE0708-9C67-E211-8158-00505687000D,Julius Lekakeny Sunkuli,,,,
,,,,,,,,,,,JULIUS LEKAKENY OLE SUNKULI,17CE0708-9C67-E211-8158-00505687000D,
,,,,,,,,,,,STEPHEN KANYINKE NTUTU,C45485EE-3569-E211-9497-005056870012,
,,,,,,,,,,,,,
,,,,,,,,,,,,,
NYAMIRA,County,Governor,,,,,,,,,,,
,,,,,,,,,,,,,
,,,,,http://localhost:8000/person/charles-mosongo-aumbi/,6705,935,807BA8D7-7F6D-E211-A5C8-005056870012,Charles Mosongo Aumbi,,CHARLES MOSONGO AUMBI,807BA8D7-7F6D-E211-A5C8-005056870012,
,,,,,http://localhost:8000/person/charles-onsongo-mochama/,6721,942,C7195698-056A-E211-B91E-005056870012,Charles Onsongo Mochama,,CHARLES ONSONGO MOCHAMA,C7195698-056A-E211-B91E-005056870012,
,,,,,http://localhost:8000/person/charles-patterson-otwori/,6711,938,39E21315-0269-E211-9497-005056870012,Charles Patterson Otwori,,CHARLES PATTERSON OTWORI,39E21315-0269-E211-9497-005056870012,
,,,,,http://localhost:8000/person/cleve-agoki-mainda-omenge/,6723,943,6D33A82E-DA66-E211-A3B9-00505687000D,Cleve Agoki Mainda Omenge,,CLEVE AGOKI MAINDA OMENGE,6D33A82E-DA66-E211-A3B9-00505687000D,
,,,,,http://localhost:8000/person/dennis-matara-abincha/,6697,931,B1A6627A-9C67-E211-8158-00505687000D,Dennis Matara Abincha,,DENNIS MATARA ABINCHA,B1A6627A-9C67-E211-8158-00505687000D,
,,,,,http://localhost:8000/person/evans-misati-james/,6703,934,9AA41DAA-D266-E211-A3B9-00505687000D,Evans Misati James,,EVANS MISATI JAMES,9AA41DAA-D266-E211-A3B9-00505687000D,
,,,,,http://localhost:8000/person/fredrick-ombui-machana/,6709,937,2CE2D040-7B6D-E211-A5C8-005056870012,Fredrick Ombui Machana,,FREDRICK OMBUI MACHANA,2CE2D040-7B6D-E211-A5C8-005056870012,
,,,,,http://localhost:8000/person/george-matunda-nyanchama/,6699,932,495CCD40-5A66-E211-A3B9-00505687000D,George Matunda Nyanchama,,GEORGE MATUNDA NYANCHAMA,495CCD40-5A66-E211-A3B9-00505687000D,
,,,,,http://localhost:8000/person/george-nyabera-nyaribo/,6713,939,9C4033B8-7E6D-E211-A5C8-005056870012,George Nyabera Nyaribo,,GEORGE NYABERA NYARIBO,9C4033B8-7E6D-E211-A5C8-005056870012,
,,,,,http://localhost:8000/person/john-nyagarama-obiero/,6717,941,7B9CBEA9-486C-E211-A5C8-005056870012,John Nyagarama Obiero,,JOHN NYAGARAMA OBIERO,7B9CBEA9-486C-E211-A5C8-005056870012,
,,,,,http://localhost:8000/person/kinaro-kimaiga-ndubi/,6701,933,8354B0DB-8569-E211-B91E-005056870012,Kinaro Kimaiga Ndubi,,KINARO KIMAIGA NDUBI,8354B0DB-8569-E211-B91E-005056870012,
,,,,,http://localhost:8000/person/momanyi-nyasimi-job/,6695,930,CC49EB95-7D6D-E211-A5C8-005056870012,Momanyi Nyasimi Job,,MOMANYI NYASIMI JOB,CC49EB95-7D6D-E211-A5C8-005056870012,
,,,,,http://localhost:8000/person/peter-ondieki/,6719,455,F410B438-D866-E211-A3B9-00505687000D,Peter Bita Ondieki,,PETER BITA ONDIEKI,F410B438-D866-E211-A3B9-00505687000D,
,,,,,http://localhost:8000/person/peter-mongare-kingoina/,6707,936,5DD36A18-8E6C-E211-A5C8-005056870012,Peter Mong'Are King'Oina,,PETER MONG'ARE KING'OINA,5DD36A18-8E6C-E211-A5C8-005056870012,
,,,,,http://localhost:8000/person/samson-mwancha-nyangau-okioma/,6725,944,9C62D082-F366-E211-A3B9-00505687000D,Samson Mwancha Nyang'Au Okioma,,SAMSON MWANCHA NYANG'AU OKIOMA,9C62D082-F366-E211-A3B9-00505687000D,
,,,,,http://localhost:8000/person/william-moruri-nyakiba/,6715,940,314A24AF-DB66-E211-A3B9-00505687000D,William Moruri Nyakiba,,WILLIAM MORURI NYAKIBA,314A24AF-DB66-E211-A3B9-00505687000D,
,,,Old,[endpos],http://localhost:8000/person/henry-obwocha/,5552,356,,Henry Onyancha Obwocha,Henry Obwocha,,,
,,,Old,Peter Bita Ondieki,http://localhost:8000/person/peter-ondieki/,5304,455,,Peter Bita Ondieki,,,,
,,,,,,,,,,,,,
,,,,,,,,,,,,,
NYANDARUA,County,Senator,,,,,,,,,,,
,,,,,,,,,,,,,
,,,,,http://localhost:8000/person/muriuki-karue-muriuki/,6769,966,44838050-9F67-E211-8158-00505687000D,Muriuki Karue Muriuki,,MURIUKI KARUE MURIUKI,44838050-9F67-E211-8158-00505687000D,
,,,,,http://localhost:8000/person/patrick-kimani-wairiri/,6771,967,5AC3426B-4E69-E211-BA98-005056870012,Patrick Kimani Wairiri,,PATRICK KIMANI WAIRIRI,5AC3426B-4E69-E211-BA98-005056870012,
,,,Old,[endpos],http://localhost:8000/person/ephraim-maina/,5691,75,,Ephraim Mwangi Maina,,,,
,,,,,,,,,,,,,
,,,,,,,,,,,,,
SAMBURU,County,Senator,,,,,,,,,,,
,,,,,,,,,,,,,
,,,,,http://localhost:8000/person/lesiamito-m-john/,6825,992,A85E205B-446D-E211-A5C8-005056870012,Lesiamito M. John,,LESIAMITO M. JOHN,A85E205B-446D-E211-A5C8-005056870012,
,,,,,http://localhost:8000/person/paul-leringato/,6819,990,EF30257B-7C69-E211-B91E-005056870012,Paul Leringato,,PAUL LERINGATO,EF30257B-7C69-E211-B91E-005056870012,
,,,,,http://localhost:8000/person/reuben-marumben-lemunyete/,6821,991,8954B0DB-8569-E211-B91E-005056870012,Reuben Marumben Lemunyete,,REUBEN MARUMBEN LEMUNYETE,8954B0DB-8569-E211-B91E-005056870012,
,,,,,http://localhost:8000/person/sammy-leshore/,6823,349,BF5485EE-3569-E211-9497-005056870012,Sammy Prisa Leshore,Sammy Leshore,SAMMY PRISA LESHORE,BF5485EE-3569-E211-9497-005056870012,
,,,,,http://localhost:8000/person/simeon-siamanga-lesrima/,6827,993,819CBEA9-486C-E211-A5C8-005056870012,Simeon Siamanga Lesrima,,SIMEON SIAMANGA LESRIMA,819CBEA9-486C-E211-A5C8-005056870012,
,,,Old,Simeon Siamanga Lesrima,http://localhost:8000/person/simon-lesirma/,5643,178,,Simon Saimanga Lesirma,Simon Lesirma,,,
,,,,,,,,,,,,,
,,,,,,,,,,,,,
SIAYA,County,Senator,,,,,,,,,,,
,,,,,,,,,,,,,
,,,,,http://localhost:8000/person/agnes-salome-awuor/,6848,430,CEA44DC3-3F6C-E211-A5C8-005056870012,Agnes Salome Awuor,,AGNES SALOME AWUOR,CEA44DC3-3F6C-E211-A5C8-005056870012,
,,,Old,,http://localhost:8000/person/oburu-odinga/,5215,194,,Oburu Ngona Odinga,Oburu Odinga,,,
,,,Old,JAMES AGGREY BOB ORENGO,http://localhost:8000/person/james-orengo/,5216,129,7E9CBEA9-486C-E211-A5C8-005056870012,Aggrey James Orengo,James Orengo,,,
,,,Old,[endpos],http://localhost:8000/person/james-orengo/,5120,129,7E9CBEA9-486C-E211-A5C8-005056870012,Aggrey James Orengo,James Orengo,,,
,,,Old,,http://localhost:8000/person/oburu-odinga/,5121,194,,Oburu Ngona Odinga,Oburu Odinga,,,
,,,,,,,,,,,JAMES AGGREY BOB ORENGO,7E9CBEA9-486C-E211-A5C8-005056870012,
,,,,,,,,,,,,,
,,,,,,,,,,,,,
TAITA TAVETA,County,Governor,,,,,,,,,,,
,,,,,,,,,,,,,
,,,,,http://localhost:8000/person/elijah-mwamidi-mwandoe/,6859,1009,98601DEC-8C6C-E211-A5C8-005056870012,Elijah Mwamidi Mwandoe,,ELIJAH MWAMIDI MWANDOE,98601DEC-8C6C-E211-A5C8-005056870012,
,,,,,http://localhost:8000/person/jacinta-wanjala-mwatela/,6863,1011,F475C627-156C-E211-A5C8-005056870012,Jacinta Wanjala Mwatela,,JACINTA WANJALA MWATELA,F475C627-156C-E211-A5C8-005056870012,
,,,,,http://localhost:8000/person/john-mtuta-mruttu/,6869,1014,7CE41793-156C-E211-A5C8-005056870012,John Mtuta Mruttu,,JOHN MTUTA MRUTTU,7CE41793-156C-E211-A5C8-005056870012,
,,,,,http://localhost:8000/person/mwanyengela-ngali/,6865,1012,283CC997-146C-E211-A5C8-005056870012,Mwanyengela Ngali,,MWANYENGELA NGALI,283CC997-146C-E211-A5C8-005056870012,
,,,,,http://localhost:8000/person/sophy-wali-kibai/,6867,1013,7242F690-7E6C-E211-A5C8-005056870012,Sophy Wali Kibai,,SOPHY WALI KIBAI,7242F690-7E6C-E211-A5C8-005056870012,
,,,,,http://localhost:8000/person/wisdom-kazungu-mwamburi/,6861,1010,851C85E8-3569-E211-9497-005056870012,Wisdom Kazungu Mwamburi,,WISDOM KAZUNGU MWAMBURI,851C85E8-3569-E211-9497-005056870012,
,,,Old,[endpos],http://localhost:8000/person/emmanuel-kisombe/,5186,435,,Emmanuel Kisombe Mwatibo,Emmanuel Kisombe,,,
,,,,,,,,,,,,,
,,,,,,,,,,,,,
TRANS NZOIA,County,Governor,,,,,,,,,,,
,,,,,,,,,,,,,
,,,,,http://localhost:8000/person/godfrey-siundu-wasike/,6963,1061,D7CB1755-8E6C-E211-A5C8-005056870012,Godfrey Siundu Wasike,,GODFREY SIUNDU WASIKE,D7CB1755-8E6C-E211-A5C8-005056870012,
,,,,,http://localhost:8000/person/joel-onsare-gesuka/,6959,1059,ED30257B-7C69-E211-B91E-005056870012,Joel Onsare Gesuka,,JOEL ONSARE GESUKA,ED30257B-7C69-E211-B91E-005056870012,
,,,,,http://localhost:8000/person/maurice-kakai-bisau/,6961,1060,E023742D-546D-E211-A5C8-005056870012,Maurice Kakai Bisau,,MAURICE KAKAI BISAU,E023742D-546D-E211-A5C8-005056870012,
,,,,,http://localhost:8000/person/noah-wekesa/,6967,209,E6A1F234-516D-E211-A5C8-005056870012,Noah Mahalang'ang'a Wekesa,Noah Wekesa,NOAH MAHALANG'ANG'A WEKESA,E6A1F234-516D-E211-A5C8-005056870012,
,,,,,http://localhost:8000/person/patrick-es-simiyu-khaemba/,6965,1062,3AE21315-0269-E211-9497-005056870012,Patrick E.S. Simiyu Khaemba,,PATRICK E.S. SIMIYU KHAEMBA,3AE21315-0269-E211-9497-005056870012,
,,,Old,[endpos],http://localhost:8000/person/elijah-taragon/,5273,423,,Elijah Taragon,,,,
,,,,,,,,,,,,,
,,,,,,,,,,,,,
TRANS NZOIA,County,Women Representative,,,,,,,,,,,
,,,,,,,,,,,,,
,,,,,http://localhost:8000/person/christine-nasimiyu-barasa/,7011,1083,98923704-7B69-E211-B91E-005056870012,Christine Nasimiyu Barasa,,CHRISTINE NASIMIYU BARASA,98923704-7B69-E211-B91E-005056870012,
,,,,,http://localhost:8000/person/christine-tanguli-nafula/,7001,1078,2C5CA784-606D-E211-A5C8-005056870012,Christine Tanguli Nafula,,CHRISTINE TANGULI NAFULA,2C5CA784-606D-E211-A5C8-005056870012,
,,,,,http://localhost:8000/person/dorothy-cherop-mikis/,6991,1073,D9843B14-016A-E211-B91E-005056870012,Dorothy Cherop Mikis,,DOROTHY CHEROP MIKIS,D9843B14-016A-E211-B91E-005056870012,
,,,,,http://localhost:8000/person/elizabeth-nasimiyu-nyongesa/,7003,1079,8066141B-0269-E211-9497-005056870012,Elizabeth Nasimiyu Nyongesa,,ELIZABETH NASIMIYU NYONGESA,8066141B-0269-E211-9497-005056870012,
,,,,,http://localhost:8000/person/eunice-wanjiru-kamau-karanja/,6995,1075,94F19D3F-3569-E211-9497-005056870012,Eunice Wanjiru Kamau Karanja,,EUNICE WANJIRU KAMAU KARANJA,94F19D3F-3569-E211-9497-005056870012,
,,,,,http://localhost:8000/person/everlyn-cheptanui-koro/,6993,1074,4C6818EE-8569-E211-B91E-005056870012,Everlyn Cheptanui Koro,,EVERLYN CHEPTANUI KORO,4C6818EE-8569-E211-B91E-005056870012,
,,,,,http://localhost:8000/person/gladys-nekesa-mulati/,7007,1081,8E2EC4AF-486C-E211-A5C8-005056870012,Gladys Nekesa Mulati,,GLADYS NEKESA MULATI,8E2EC4AF-486C-E211-A5C8-005056870012,
,,,,,http://localhost:8000/person/janet-nangabo-wanyama/,6997,1076,62E43FC8-5D6D-E211-A5C8-005056870012,Janet Nangabo Wanyama,,JANET NANGABO WANYAMA,62E43FC8-5D6D-E211-A5C8-005056870012,
,,,,,http://localhost:8000/person/justine-nasambu-sitti/,6999,1077,24A9F377-5C6D-E211-A5C8-005056870012,Justine Nasambu Sitti,,JUSTINE NASAMBU SITTI,24A9F377-5C6D-E211-A5C8-005056870012,
,,,,,http://localhost:8000/person/metrine-nafula-too/,7005,1080,923E84E4-5F6D-E211-A5C8-005056870012,Metrine Nafula Too,,METRINE NAFULA TOO,923E84E4-5F6D-E211-A5C8-005056870012,
,,,,,http://localhost:8000/person/naomi-kemunto-okul/,6989,1072,FD30257B-7C69-E211-B91E-005056870012,Naomi Kemunto Okul,,NAOMI KEMUNTO OKUL,FD30257B-7C69-E211-B91E-005056870012,
,,,,,http://localhost:8000/person/susan-jemaiyo-kirop/,7009,1082,C89EF229-616D-E211-A5C8-005056870012,Susan Jemaiyo Kirop,,SUSAN JEMAIYO KIROP,C89EF229-616D-E211-A5C8-005056870012,
,,,Old,[endpos],http://localhost:8000/person/maison-leshoomo/,5696,379,,Maison Leshoomo,,,,
,,,,,,,,,,,,,
,,,,,,,,,,,,,
TURKANA,County,Governor,,,,,,,,,,,
,,,,,,,,,,,,,
,,,,,http://localhost:8000/person/josphat-koli-nanok/,7021,1088,CB9ACF24-E06D-E211-A5C8-005056870012,Josphat Koli Nanok,,JOSPHAT KOLI NANOK,CB9ACF24-E06D-E211-A5C8-005056870012,
,,,,,http://localhost:8000/person/malachy-charles-ekalimana/,7015,1085,600BDA61-E16D-E211-A5C8-005056870012,Malachy Charles Ekalimana,,MALACHY CHARLES EKALIMANA,600BDA61-E16D-E211-A5C8-005056870012,
,,,,,http://localhost:8000/person/matthew-esinyen-logurale/,7019,1087,FE9D953C-F56D-E211-A5C8-005056870012,Matthew Esinyen Logurale,,MATTHEW ESINYEN LOGURALE,FE9D953C-F56D-E211-A5C8-005056870012,
,,,,,http://localhost:8000/person/peter-emuria-lotethiro/,7013,1084,202531E2-3569-E211-9497-005056870012,Peter Emuria Lotethiro,,PETER EMURIA LOTETHIRO,202531E2-3569-E211-9497-005056870012,
,,,,,http://localhost:8000/person/peter-lokol-lomulen/,7017,1086,362A2269-8E6C-E211-A5C8-005056870012,Peter Lokol Lomulen,,PETER LOKOL LOMULEN,362A2269-8E6C-E211-A5C8-005056870012,
,,,Old,Josphat Koli Nanok,http://localhost:8000/person/josephat-nanok/,5641,57,,Josephat Koli Nanok,Josephat Nanok,,,
,,,,,,,,,,,,,
,,,,,,,,,,,,,
TURKANA,County,Senator,,,,,,,,,,,
,,,,,,,,,,,,,
,,,,,http://localhost:8000/person/david-ekwee-ethro/,7023,1089,4C41CEFD-776D-E211-A5C8-005056870012,David Ekwee Ethro,,DAVID EKWEE ETHRO,4C41CEFD-776D-E211-A5C8-005056870012,
,,,,,http://localhost:8000/person/jackson-ekaru-nakusa/,7025,1090,CAEA6B70-786D-E211-A5C8-005056870012,Jackson Ekaru Nakusa,,JACKSON EKARU NAKUSA,CAEA6B70-786D-E211-A5C8-005056870012,
,,,,,http://localhost:8000/person/john-munyes-kiyonga/,7027,1091,45E21315-0269-E211-9497-005056870012,John Munyes Kiyonga,,JOHN MUNYES KIYONGA,45E21315-0269-E211-9497-005056870012,
,,,Old,John Munyes Kiyonga,http://localhost:8000/person/john-munyes/,5558,187,,John Kiyonga Munyes,John Munyes,,,
,,,,,,,,,,,,,
,,,,,,,,,,,,,
WAJIR,County,Governor,,,,,,,,,,,
,,,,,,,,,,,,,
,,,,,http://localhost:8000/person/ahmed-abdullahi-mohamad/,7107,1130,682FF292-C86E-E211-A5C8-005056870012,Ahmed Abdullahi Mohamad,,AHMED ABDULLAHI MOHAMAD,682FF292-C86E-E211-A5C8-005056870012,
,,,,,http://localhost:8000/person/maalim-mahamed-omar/,7105,1129,550B1134-656C-E211-A5C8-005056870012,Maalim Mahamed Omar,,MAALIM MAHAMED OMAR,550B1134-656C-E211-A5C8-005056870012,
,,,,,http://localhost:8000/person/mohamed-abdi-mahamud/,7103,1128,7F1C85E8-3569-E211-9497-005056870012,Mohamed Abdi Mahamud,,MOHAMED ABDI MAHAMUD,7F1C85E8-3569-E211-9497-005056870012,
,,,,,http://localhost:8000/person/mohamed-ali-mursal/,7101,1127,EB15F300-2467-E211-A3B9-00505687000D,Mohamed Ali Mursal,,MOHAMED ALI MURSAL,EB15F300-2467-E211-A3B9-00505687000D,
,,,Old,,http://localhost:8000/person/mohammed-affey/,5483,381,,Mohammed Abdi Affey,,,,
,,,,,,,,,,,,,
,,,,,,,,,,,,,
WAJIR,County,Senator,,,,,,,,,,,
,,,,,,,,,,,,,
,,,,,http://localhost:8000/person/abdirahman-ali-hassan/,7119,1136,D08E659B-766B-E211-A5C8-005056870012,Abdirahman Ali Hassan,,ABDIRAHMAN ALI HASSAN,D08E659B-766B-E211-A5C8-005056870012,
,,,,,http://localhost:8000/person/adan-omar-enow/,7109,1131,00838050-9F67-E211-8158-00505687000D,Adan Omar Enow,,ADAN OMAR ENOW,00838050-9F67-E211-8158-00505687000D,
,,,,,http://localhost:8000/person/mohamed-abdi-affey/,7111,1132,67FDDF49-836B-E211-A5C8-005056870012,Mohamed Abdi Affey,,MOHAMED ABDI AFFEY,67FDDF49-836B-E211-A5C8-005056870012,
,,,,,http://localhost:8000/person/mohamed-abdullahi-ahmed/,7115,1134,44E21315-0269-E211-9497-005056870012,Mohamed Abdullahi Ahmed,,MOHAMED ABDULLAHI AHMED,44E21315-0269-E211-9497-005056870012,
,,,,,http://localhost:8000/person/sharif-sabdow-mohamed/,7113,1133,1A2A462D-876B-E211-A5C8-005056870012,Sharif Sabdow Mohamed,,SHARIF SABDOW MOHAMED,1A2A462D-876B-E211-A5C8-005056870012,
,,,,,http://localhost:8000/person/sirat-osman-warfa/,7117,1135,C007510C-856B-E211-A5C8-005056870012,Sirat Osman Warfa,,SIRAT OSMAN WARFA,C007510C-856B-E211-A5C8-005056870012,
,,,Old,,http://localhost:8000/person/yusuf-haji/,5478,26,,Yusuf Mohammed Haji,Yusuf Haji,,,
,,,Old,Abdirahman Ali Hassan,http://localhost:8000/person/abdirahman-Ali-hassan/,5489,161,,Abdirahman Ali Hassan,,,,
,,,,,,,,,,,,,
,,,,,,,,,,,,,
WAJIR,County,Women Representative,,,,,,,,,,,
,,,,,,,,,,,,,
,,,,,http://localhost:8000/person/abdi-amin-asha/,7131,1142,7A727624-C866-E211-A3B9-00505687000D,Abdi Amin Asha,,ABDI AMIN ASHA,7A727624-C866-E211-A3B9-00505687000D,
,,,,,http://localhost:8000/person/fatuma-gedi-ali/,7125,1139,67F4D733-3669-E211-9497-005056870012,Fatuma Gedi Ali,,FATUMA GEDI ALI,67F4D733-3669-E211-9497-005056870012,
,,,,,http://localhost:8000/person/fatuma-ibrahim-ali/,7133,1143,1C09F76F-EC69-E211-B91E-005056870012,Fatuma Ibrahim Ali,,FATUMA IBRAHIM ALI,1C09F76F-EC69-E211-B91E-005056870012,
,,,,,http://localhost:8000/person/halima-ali-omar/,7129,1141,075D1340-B36B-E211-A5C8-005056870012,Halima Ali Omar,,HALIMA ALI OMAR,075D1340-B36B-E211-A5C8-005056870012,
,,,,,http://localhost:8000/person/oray-adan-hussein/,7127,1140,CC632C93-6366-E211-A3B9-00505687000D,Oray Adan Hussein,,ORAY ADAN HUSSEIN,CC632C93-6366-E211-A3B9-00505687000D,
,,,,,http://localhost:8000/person/rukia-ahmed-subow-mohamed/,7121,1137,EFAB7856-9F67-E211-8158-00505687000D,Rukia Ahmed Subow Mohamed,,RUKIA AHMED SUBOW MOHAMED,EFAB7856-9F67-E211-8158-00505687000D,
,,,,,http://localhost:8000/person/sahara-hassan-ahmed/,7123,1138,476818EE-8569-E211-B91E-005056870012,Sahara Hassan Ahmed,,SAHARA HASSAN AHMED,476818EE-8569-E211-B91E-005056870012,
,,,Old,Fatuma Ibrahim Ali,http://localhost:8000/person/fatuma-ibrahim/,5274,452,,Fatuma Ibrahim,,,,
,,,,,,,,,,,,,
,,,,,,,,,,,,,
WEST POKOT,County,Governor,,,,,,,,,,,
,,,,,,,,,,,,,
,,,,,http://localhost:8000/person/geofrey-lipale/,7141,1147,1A404A40-6F6D-E211-A5C8-005056870012,Geofrey Lipale,,GEOFREY LIPALE,1A404A40-6F6D-E211-A5C8-005056870012,
,,,,,http://localhost:8000/person/hezron-krop-ripko/,7135,1144,EE30257B-7C69-E211-B91E-005056870012,Hezron Krop Ripko,,HEZRON KROP RIPKO,EE30257B-7C69-E211-B91E-005056870012,
,,,,,http://localhost:8000/person/micah-pkopus-powon/,7137,1145,B95485EE-3569-E211-9497-005056870012,Micah Pkopus Powon,,MICAH PKOPUS POWON,B95485EE-3569-E211-9497-005056870012,
,,,,,http://localhost:8000/person/simon-kachapin-kitalei/,7139,1146,324A24AF-DB66-E211-A3B9-00505687000D,Simon Kachapin Kitalei,,SIMON KACHAPIN KITALEI,324A24AF-DB66-E211-A3B9-00505687000D,
,,,Old,[endpos],http://localhost:8000/person/john-lonyangapuo/,5244,447,,John Krop Lonyangapuo,,,,
,,,,,,,,,,,,,
,,,,,,,,,,,,,
BONCHARI,Constituency,National Assembly Rep.,,,,,,,,,,,
,,,,,,,,,,,,,
,,,,,http://localhost:8000/person/albert-monyancha/,7362,1255,2E9EDACB-C16E-E211-A5C8-005056870012,Albert Monyancha,,ALBERT MONYANCHA,2E9EDACB-C16E-E211-A5C8-005056870012,
,,,Old,,http://localhost:8000/person/charles-onyancha/,5666,126,8C7FF096-486C-E211-A5C8-005056870012,Charles Onyancha,,CHARLES ONYANCHA,8C7FF096-486C-E211-A5C8-005056870012,
,,,,,http://localhost:8000/person/david-ogega-oyugi/,7364,1256,A190DF45-4E6C-E211-A5C8-005056870012,David Ogega Oyugi,,DAVID OGEGA OYUGI,A190DF45-4E6C-E211-A5C8-005056870012,
,,,,,http://localhost:8000/person/david-okeyo-getate/,7370,1259,7AE5158E-366D-E211-A5C8-005056870012,David Okeyo Getate,,DAVID OKEYO GETATE,7AE5158E-366D-E211-A5C8-005056870012,
,,,,,http://localhost:8000/person/geoffrey-mwendo-omwando/,7358,1253,8017A8F4-366D-E211-A5C8-005056870012,Geoffrey Mwendo Omwando,,GEOFFREY MWENDO OMWANDO,8017A8F4-366D-E211-A5C8-005056870012,
,,,,,http://localhost:8000/person/john-mochama-orwochi/,7360,1254,916F1A7E-C466-E211-A3B9-00505687000D,John Mochama Orwochi,,JOHN MOCHAMA ORWOCHI,916F1A7E-C466-E211-A3B9-00505687000D,
,,,,,http://localhost:8000/person/john-oyioka-oroo/,7366,1257,854A24AF-DB66-E211-A3B9-00505687000D,John Oyioka Oroo,,JOHN OYIOKA OROO,854A24AF-DB66-E211-A3B9-00505687000D,
,,,,,http://localhost:8000/person/samwel-ongoncho/,7354,1251,BEA782FA-C16E-E211-A5C8-005056870012,Samwel Ongoncho,,SAMWEL ONGONCHO,BEA782FA-C16E-E211-A5C8-005056870012,
,,,,,http://localhost:8000/person/tom-maisiba-marube/,7368,1258,2211B438-D866-E211-A3B9-00505687000D,Tom Maisiba Marube,,TOM MAISIBA MARUBE,2211B438-D866-E211-A3B9-00505687000D,
,,,,,http://localhost:8000/person/victor-omare-omanwa/,7356,1252,FB0C0FED-9E67-E211-8158-00505687000D,Victor Omare Omanwa,,VICTOR OMARE OMANWA,FB0C0FED-9E67-E211-8158-00505687000D,
,,,,,http://localhost:8000/person/zebedeo-john-opore/,7372,1260,BA62D082-F366-E211-A3B9-00505687000D,Zebedeo John Opore,,ZEBEDEO JOHN OPORE,BA62D082-F366-E211-A3B9-00505687000D,
,,,Old,Zebedeo John Opore,http://localhost:8000/person/john-opore/,5554,308,,John Zebedeo Opore,,,,
,,,,,,,,,,,,,
,,,,,,,,,,,,,
BUDALANGI,Constituency,National Assembly Rep.,,,,,,,,,,,
,,,,,,,,,,,,,
,,,,,http://localhost:8000/person/achoka-aloyce-luduba/,7429,1289,4BE21315-0269-E211-9497-005056870012,Achoka Aloyce Luduba,,ACHOKA ALOYCE LUDUBA,4BE21315-0269-E211-9497-005056870012,
,,,,,http://localhost:8000/person/aloyse-wangira-okoba/,7435,1291,0E11B438-D866-E211-A3B9-00505687000D,Aloyse Wangira Okoba,,ALOYSE WANGIRA OKOBA,0E11B438-D866-E211-A3B9-00505687000D,
,,,,,http://localhost:8000/person/constantine-ogunga-obuya/,7409,1279,A97BCC3C-9E6C-E211-A5C8-005056870012,Constantine Ogunga Obuya,,CONSTANTINE OGUNGA OBUYA,A97BCC3C-9E6C-E211-A5C8-005056870012,
,,,,,http://localhost:8000/person/crizantus-ogusini-odongo/,7437,1292,88DA8887-9F6C-E211-A5C8-005056870012,Crizantus Ogusini Odongo,,CRIZANTUS OGUSINI ODONGO,88DA8887-9F6C-E211-A5C8-005056870012,
,,,,,http://localhost:8000/person/george-okado-wanyama/,7423,1286,A19D51A8-A26C-E211-A5C8-005056870012,George Okado Wanyama,,GEORGE OKADO WANYAMA,A19D51A8-A26C-E211-A5C8-005056870012,
,,,,,http://localhost:8000/person/godfrey-opondo-ogutu/,7417,1283,BC6F1A7E-C466-E211-A3B9-00505687000D,Godfrey Opondo Ogutu,,GODFREY OPONDO OGUTU,BC6F1A7E-C466-E211-A3B9-00505687000D,
,,,,,http://localhost:8000/person/herman-joseph-leo-ogulla/,7413,1281,7246B4E1-8569-E211-B91E-005056870012,Herman Joseph Leo Ogulla,,HERMAN JOSEPH LEO OGULLA,7246B4E1-8569-E211-B91E-005056870012,
,,,,,http://localhost:8000/person/joseph-okello-alego/,7425,1287,6960075C-C866-E211-A3B9-00505687000D,Joseph Okello Alego,,JOSEPH OKELLO ALEGO,6960075C-C866-E211-A3B9-00505687000D,
,,,,,http://localhost:8000/person/leonard-tilly-sumba/,7419,1284,603667D6-9F6C-E211-A5C8-005056870012,Leonard Tilly Sumba,,LEONARD TILLY SUMBA,603667D6-9F6C-E211-A5C8-005056870012,
,,,,,http://localhost:8000/person/meshack-okello-owang/,7411,1280,6503963C-A06C-E211-A5C8-005056870012,Meshack Okello Owang,,MESHACK OKELLO OWANG,6503963C-A06C-E211-A5C8-005056870012,
,,,,,http://localhost:8000/person/nyangori-john-ohenjo/,7415,1282,B0A91EB7-D366-E211-A3B9-00505687000D,Nyangori John Ohenjo,,NYANGORI JOHN OHENJO,B0A91EB7-D366-E211-A3B9-00505687000D,
,,,,,http://localhost:8000/person/peter-g-onyango-akilewo/,7439,1293,412C763A-D766-E211-A3B9-00505687000D,Peter G. Onyango Akilewo,,PETER G. ONYANGO AKILEWO,412C763A-D766-E211-A3B9-00505687000D,
,,,,,http://localhost:8000/person/pius-namwamba-ababu/,7433,1290,CA9B79F8-9E6C-E211-A5C8-005056870012,Pius Namwamba Ababu,,PIUS NAMWAMBA ABABU,CA9B79F8-9E6C-E211-A5C8-005056870012,
,,,,,http://localhost:8000/person/vincent-david-obara/,7427,1288,83C3F6FC-1F6A-E211-B91E-005056870012,Vincent David Obara,,VINCENT DAVID OBARA,83C3F6FC-1F6A-E211-B91E-005056870012,
,,,,,http://localhost:8000/person/william-charles-namwakira/,7421,1285,9677C638-A26C-E211-A5C8-005056870012,William Charles Namwakira,,WILLIAM CHARLES NAMWAKIRA,9677C638-A26C-E211-A5C8-005056870012,
,,,,RAPHAEL BITTA SAUTI WANJALA,http://localhost:8000/person/raphael-wanjala/,7431,287,A690DF45-4E6C-E211-A5C8-005056870012,Raphael Wanjala,,,,
,,,Old,[endpos],http://localhost:8000/person/ababu-namwamba/,5653,108,,Ababu Tawfiq Pius Namwamba,Ababu Namwamba,,,
,,,,,,,,,,,RAPHAEL BITTA SAUTI WANJALA,A690DF45-4E6C-E211-A5C8-005056870012,
,,,,,,,,,,,,,
,,,,,,,,,,,,,
DADAAB,Constituency,National Assembly Rep.,,,,,,,,,,,
,,,,,,,,,,,,,
,,,,,http://localhost:8000/person/abdi-ali-mohamed/,7599,1374,69E69B11-7C69-E211-B91E-005056870012,Abdi Ali Mohamed,,ABDI ALI MOHAMED,69E69B11-7C69-E211-B91E-005056870012,
,,,,,http://localhost:8000/person/abdullahi-sheikh-dahir/,7601,1375,7946B4E1-8569-E211-B91E-005056870012,Abdullahi Sheikh Dahir,,ABDULLAHI SHEIKH DAHIR,7946B4E1-8569-E211-B91E-005056870012,
,,,,,http://localhost:8000/person/hussein-farah-mohamed/,7603,1376,2666BDD8-946B-E211-A5C8-005056870012,Hussein Farah Mohamed,,HUSSEIN FARAH MOHAMED,2666BDD8-946B-E211-A5C8-005056870012,
,,,,,http://localhost:8000/person/mohamed-dahir-duale/,7605,1377,E0D5E2D8-6D6B-E211-A5C8-005056870012,Mohamed Dahir Duale,,MOHAMED DAHIR DUALE,E0D5E2D8-6D6B-E211-A5C8-005056870012,
,,,Old,[endpos],http://localhost:8000/person/dahir-abdullahi/,5586,259,,Dahir Sheikh Abdullahi,,,,
,,,,,,,,,,,,,
,,,,,,,,,,,,,
ELDAS,Constituency,National Assembly Rep.,,,,,,,,,,,
,,,,,,,,,,,,,
,,,,,http://localhost:8000/person/adan-abdi-hassan/,7629,1388,CB50BC2D-3669-E211-9497-005056870012,Adan Abdi Hassan,,ADAN ABDI HASSAN,CB50BC2D-3669-E211-9497-005056870012,
,,,,,http://localhost:8000/person/adan-keynan-wehliye/,7631,1389,9D37B8B8-916C-E211-A5C8-005056870012,Adan Keynan Wehliye,,ADAN KEYNAN WEHLIYE,9D37B8B8-916C-E211-A5C8-005056870012,
,,,,,http://localhost:8000/person/issack-mohamed-farah/,7627,1387,416818EE-8569-E211-B91E-005056870012,Issack Mohamed Farah,,ISSACK MOHAMED FARAH,416818EE-8569-E211-B91E-005056870012,
,,,Old,Adan Keynan Wehliye,http://localhost:8000/person/adan-keynan/,5634,41,,Adan Wehliye Keynan,Adan Keynan,,,
,,,,,,,,,,,,,
,,,,,,,,,,,,,
EMBAKASI EAST,Constituency,National Assembly Rep.,,,,,,,,,,,
,,,,,,,,,,,,,
,,,,,http://localhost:8000/person/emmillio-pondi-ngesa/,7668,1408,3D2C763A-D766-E211-A3B9-00505687000D,Emmillio Pondi Ngesa,,EMMILLIO PONDI NGESA,3D2C763A-D766-E211-A3B9-00505687000D,
,,,,,http://localhost:8000/person/george-ochieng-ochola/,7660,1404,4EE21315-0269-E211-9497-005056870012,George Ochieng Ochola,,GEORGE OCHIENG OCHOLA,4EE21315-0269-E211-9497-005056870012,
,,,,,http://localhost:8000/person/henry-igonyi-okero/,7656,1402,D8843B14-016A-E211-B91E-005056870012,Henry Igonyi Okero,,HENRY IGONYI OKERO,D8843B14-016A-E211-B91E-005056870012,
,,,,,http://localhost:8000/person/isaac-ndungu-kibui/,7658,1403,A460075C-C866-E211-A3B9-00505687000D,Isaac Ndungu Kibui,,ISAAC NDUNGU KIBUI,A460075C-C866-E211-A3B9-00505687000D,
,,,,,http://localhost:8000/person/jimmy-kimau-kilonzi/,7654,1401,28B6EA99-DB69-E211-B91E-005056870012,Jimmy Kimau Kilonzi,,JIMMY KIMAU KILONZI,28B6EA99-DB69-E211-B91E-005056870012,
,,,,,http://localhost:8000/person/john-ogutu-omondi/,7664,1406,0AA17EE9-836B-E211-A5C8-005056870012,John Ogutu Omondi,,JOHN OGUTU OMONDI,0AA17EE9-836B-E211-A5C8-005056870012,
,,,,,http://localhost:8000/person/mary-wangari-mwangi/,7652,1400,D1A30DF3-9E67-E211-8158-00505687000D,Mary Wangari Mwangi,,MARY WANGARI MWANGI,D1A30DF3-9E67-E211-8158-00505687000D,
,,,,,http://localhost:8000/person/okonda-ambuya-gerishom/,7662,1405,2A69F915-D866-E211-A3B9-00505687000D,Okonda Ambuya Gerishom,,OKONDA AMBUYA GERISHOM,2A69F915-D866-E211-A3B9-00505687000D,
,,,,,http://localhost:8000/person/rose-ndunge-kisia/,7666,1407,D7195698-056A-E211-B91E-005056870012,Rose Ndunge Kisia,,ROSE NDUNGE KISIA,D7195698-056A-E211-B91E-005056870012,
,,,Old,[endpos],http://localhost:8000/person/pamela-ateka/,5323,458,,Pamela Ateka,,,,
,,,,,,,,,,,,,
,,,,,,,,,,,,,
FAFI,Constituency,National Assembly Rep.,,,,,,,,,,,
,,,,,,,,,,,,,
,,,,,http://localhost:8000/person/abdi-omar-shurie/,7779,1464,70E69B11-7C69-E211-B91E-005056870012,Abdi Omar Shurie,,ABDI OMAR SHURIE,70E69B11-7C69-E211-B91E-005056870012,
,,,,,http://localhost:8000/person/aden-sugow-ahamed/,7783,1466,F939F7C5-0B6A-E211-B91E-005056870012,Aden Sugow Ahamed,,ADEN SUGOW AHAMED,F939F7C5-0B6A-E211-B91E-005056870012,
,,,,,http://localhost:8000/person/elias-bare-shill/,7781,1465,A1FA8127-3669-E211-9497-005056870012,Elias Bare Shill,,ELIAS BARE SHILL,A1FA8127-3669-E211-9497-005056870012,
,,,Old,[endpos],http://localhost:8000/person/aden-sugow/,5628,142,,Aden Ahmed Sugow,Aden Sugow,,,
,,,,,,,,,,,,,
,,,,,,,,,,,,,
IGEMBE NORTH,Constituency,National Assembly Rep.,,,,,,,,,,,
,,,,,,,,,,,,,
,,,,,http://localhost:8000/person/joseph-meruaki-muthari/,8003,1576,38D8A1FB-A067-E211-8158-00505687000D,Joseph Meruaki Muthari,,JOSEPH MERUAKI MUTHARI,38D8A1FB-A067-E211-8158-00505687000D,
,,,,,http://localhost:8000/person/mmithiaru-ntoitha/,8005,1577,3201B5AE-C466-E211-A3B9-00505687000D,M'Mithiaru Ntoitha,,M'MITHIARU NTOITHA,3201B5AE-C466-E211-A3B9-00505687000D,
,,,,,http://localhost:8000/person/richard-maoka-maore/,8007,1578,7FA61CBD-486C-E211-A5C8-005056870012,Richard Maoka Maore,,RICHARD MAOKA MAORE,7FA61CBD-486C-E211-A5C8-005056870012,
,,,,,http://localhost:8000/person/samuel-ngore-mwirambura/,8009,1579,87923704-7B69-E211-B91E-005056870012,Samuel Ngore Mwirambura,,SAMUEL NGORE MWIRAMBURA,87923704-7B69-E211-B91E-005056870012,
,,,Old,Richard Maoka Maore,http://localhost:8000/person/maoka-maore/,5637,284,,Richard Maoka Maore,,,,
,,,,,,,,,,,,,
,,,,,,,,,,,,,
KIENI,Constituency,National Assembly Rep.,,,,,,,,,,,
,,,,,,,,,,,,,
,,,,,http://localhost:8000/person/anthony-njoroge-wainaina/,8495,1817,F48348AE-BB66-E211-A3B9-00505687000D,Anthony Njoroge Wainaina,,ANTHONY NJOROGE WAINAINA,F48348AE-BB66-E211-A3B9-00505687000D,
,,,,,http://localhost:8000/person/james-mathenge-kanini-kega/,8487,1813,847D3677-9F67-E211-8158-00505687000D,James Mathenge Kanini Kega,,JAMES MATHENGE KANINI KEGA,847D3677-9F67-E211-8158-00505687000D,
,,,,,http://localhost:8000/person/jecinta-wanjira-wahome/,8489,1814,EA00B5AE-C466-E211-A3B9-00505687000D,Jecinta Wanjira Wahome,,JECINTA WANJIRA WAHOME,EA00B5AE-C466-E211-A3B9-00505687000D,
,,,,,http://localhost:8000/person/john-mwangi-mwai/,8493,1816,63FC947D-0767-E211-A3B9-00505687000D,John Mwangi Mwai,,JOHN MWANGI MWAI,63FC947D-0767-E211-A3B9-00505687000D,
,,,,,http://localhost:8000/person/mary-wambui-kibe/,8497,1818,EB745B25-9C6B-E211-A5C8-005056870012,Mary Wambui Kibe,,MARY WAMBUI KIBE,EB745B25-9C6B-E211-A5C8-005056870012,
,,,,,http://localhost:8000/person/muchiri-kiuma-maina/,8499,1819,6D923704-7B69-E211-B91E-005056870012,Muchiri Kiuma Maina,,MUCHIRI KIUMA MAINA,6D923704-7B69-E211-B91E-005056870012,
,,,,,http://localhost:8000/person/nemesyus-warugongo/,8491,1815,9B60075C-C866-E211-A3B9-00505687000D,Nemesyus Warugongo,,NEMESYUS WARUGONGO,9B60075C-C866-E211-A3B9-00505687000D,
,,,Old,Nemesyus Warugongo,http://localhost:8000/person/nemesius-warugongo/,5546,150,,Nemesius Warugongo,,,,
,,,,,,,,,,,,,
,,,,,,,,,,,,,
KILIFI NORTH,Constituency,National Assembly Rep.,,,,,,,,,,,
,,,,,,,,,,,,,
,,,,,http://localhost:8000/person/deche-kashero/,8558,1848,88C0C867-A067-E211-8158-00505687000D,Deche Kashero,,DECHE KASHERO,88C0C867-A067-E211-8158-00505687000D,
,,,,,http://localhost:8000/person/ephie-chari-wesa/,8572,1855,E29A8416-A56C-E211-A5C8-005056870012,Ephie Chari Wesa,,EPHIE CHARI WESA,E29A8416-A56C-E211-A5C8-005056870012,
,,,,,http://localhost:8000/person/joe-khamisi/,8562,1850,61F4D733-3669-E211-9497-005056870012,Joe Khamisi,,JOE KHAMISI,61F4D733-3669-E211-9497-005056870012,
,,,,,http://localhost:8000/person/joe-ndundi-tete/,8556,1847,617AB9F7-9467-E211-8158-00505687000D,Joe Ndundi Tete,,JOE NDUNDI TETE,617AB9F7-9467-E211-8158-00505687000D,
,,,,,http://localhost:8000/person/joseph-brown-mwangome-katoi-chillumoh/,8570,1854,FC53DB25-B567-E211-8158-00505687000D,Joseph Brown Mwangome Katoi Chillumoh,,JOSEPH BROWN MWANGOME KATOI CHILLUMOH,FC53DB25-B567-E211-8158-00505687000D,
,,,,,http://localhost:8000/person/maitha-gideon-mungaro/,8568,1853,8E7FF096-486C-E211-A5C8-005056870012,Maitha Gideon Mungaro,,MAITHA GIDEON MUNGARO,8E7FF096-486C-E211-A5C8-005056870012,
,,,,,http://localhost:8000/person/moses-bilahi-mrabu/,8564,1851,B7544DEE-A56C-E211-A5C8-005056870012,Moses Bilahi M'Rabu,,MOSES BILAHI M'RABU,B7544DEE-A56C-E211-A5C8-005056870012,
,,,,,http://localhost:8000/person/rebson-dzala-washe/,8566,1852,4DE21315-0269-E211-9497-005056870012,Rebson Dzala Washe,,REBSON DZALA WASHE,4DE21315-0269-E211-9497-005056870012,
,,,,,http://localhost:8000/person/samwel-mwangala-njagi/,8560,1849,A3203305-C966-E211-A3B9-00505687000D,Samwel Mwangala Njagi,,SAMWEL MWANGALA NJAGI,A3203305-C966-E211-A3B9-00505687000D,
,,,Old,Maitha Gideon Mungaro,http://localhost:8000/person/gideon-maitha/,5627,76,,Gideon Mung'aro Maitha,Gideon Maitha,,,
,,,,,,,,,,,,,
,,,,,,,,,,,,,
KISUMU EAST,Constituency,National Assembly Rep.,,,,,,,,,,,
,,,,,,,,,,,,,
,,,,,http://localhost:8000/person/benson-ambuti-adega/,8750,1944,B3AC54DE-9E67-E211-8158-00505687000D,Benson Ambuti Adega,,BENSON AMBUTI ADEGA,B3AC54DE-9E67-E211-8158-00505687000D,
,,,,,http://localhost:8000/person/irene-adhiambo-onunga/,8752,1945,ABFA8127-3669-E211-9497-005056870012,Irene Adhiambo Onunga,,IRENE ADHIAMBO ONUNGA,ABFA8127-3669-E211-9497-005056870012,
,,,,,http://localhost:8000/person/mary-atieno-anyango/,8756,1947,20FC947D-0767-E211-A3B9-00505687000D,Mary Atieno Anyango,,MARY ATIENO ANYANGO,20FC947D-0767-E211-A3B9-00505687000D,
,,,,,http://localhost:8000/person/richard-dick-ogendo/,8754,1946,5366141B-0269-E211-9497-005056870012,Richard Dick Ogendo,,RICHARD DICK OGENDO,5366141B-0269-E211-9497-005056870012,
,,,,,http://localhost:8000/person/shakeel-shabbir-a-ahmed/,8758,1948,F8BF14AE-8E6B-E211-A5C8-005056870012,Shakeel Shabbir A. Ahmed,,SHAKEEL SHABBIR A. AHMED,F8BF14AE-8E6B-E211-A5C8-005056870012,
,,,Old,Shakeel Shabbir A. Ahmed,http://localhost:8000/person/Shakeel-Shabbir/,5657,140,,Ahmed Shakeel Shabbir Ahmed,Shakeel Shabbir,,,
,,,,,,,,,,,,,
,,,,,,,,,,,,,
KITUTU CHACHE SOUTH,Constituency,National Assembly Rep.,,,,,,,,,,,
,,,,,,,,,,,,,
,,,,,http://localhost:8000/person/antoney-kibagendi-nyamwaro/,8884,2009,5EBFF8E2-3E6C-E211-A5C8-005056870012,Antoney Kibagendi Nyamwaro,,ANTONEY KIBAGENDI NYAMWARO,5EBFF8E2-3E6C-E211-A5C8-005056870012,
,,,,,http://localhost:8000/person/dennis-onkware-omweri/,8882,2008,05701A7E-C466-E211-A3B9-00505687000D,Dennis Onkware Omweri,,DENNIS ONKWARE OMWERI,05701A7E-C466-E211-A3B9-00505687000D,
,,,,,http://localhost:8000/person/gilbert-ongaki-manyura/,8876,2005,1F0D0FED-9E67-E211-8158-00505687000D,Gilbert Ongaki Manyura,,GILBERT ONGAKI MANYURA,1F0D0FED-9E67-E211-8158-00505687000D,
,,,,,http://localhost:8000/person/james-kegoro-onkangi/,8890,2012,894A24AF-DB66-E211-A3B9-00505687000D,James Kegoro Onkangi,,JAMES KEGORO ONKANGI,894A24AF-DB66-E211-A3B9-00505687000D,
,,,,,http://localhost:8000/person/james-ogutu/,8880,2007,ACA91EB7-D366-E211-A3B9-00505687000D,James Ogutu,,JAMES OGUTU,ACA91EB7-D366-E211-A3B9-00505687000D,
,,,,,http://localhost:8000/person/justus-onsongo-mochoge/,8878,2006,8F46B4E1-8569-E211-B91E-005056870012,Justus Onsongo Mochoge,,JUSTUS ONSONGO MOCHOGE,8F46B4E1-8569-E211-B91E-005056870012,
,,,,,http://localhost:8000/person/leo-obweri-matundura/,8888,2011,4C66141B-0269-E211-9497-005056870012,Leo Obweri Matundura,,LEO OBWERI MATUNDURA,4C66141B-0269-E211-9497-005056870012,
,,,,,http://localhost:8000/person/leonard-gwaro-mwamba/,8896,2014,5BE626DE-366C-E211-A5C8-005056870012,Leonard Gwaro Mwamba,,LEONARD GWARO MWAMBA,5BE626DE-366C-E211-A5C8-005056870012,
,,,,,http://localhost:8000/person/ooga-don-bosco-gichana/,8894,2013,4011B438-D866-E211-A3B9-00505687000D,Ooga Don Bosco Gichana,,OOGA DON BOSCO GICHANA,4011B438-D866-E211-A3B9-00505687000D,
,,,,[delpos],http://localhost:8000/person/richard-onyonka/,8892,128,A42C2E05-556C-E211-A5C8-005056870012,Richard Momoima Onyonka,Richard Onyonka,RICHARD MOMOIMA ONYONKA,A42C2E05-556C-E211-A5C8-005056870012,
,,,,,http://localhost:8000/person/samuel-kebati-osoro/,8886,2010,18C6DA91-5A6C-E211-A5C8-005056870012,Samuel Kebati Osoro,,SAMUEL KEBATI OSORO,18C6DA91-5A6C-E211-A5C8-005056870012,
,,,,,http://localhost:8000/person/samwel-kenani-omwando/,8898,2015,EA62D082-F366-E211-A3B9-00505687000D,Samwel Kenani Omwando,,SAMWEL KENANI OMWANDO,EA62D082-F366-E211-A3B9-00505687000D,
,,,Old,,http://localhost:8000/person/richard-onyonka/,5670,128,,Richard Momoima Onyonka,Richard Onyonka,,,
,,,,,,,,,,,,,
,,,,,,,,,,,,,
KWANZA,Constituency,National Assembly Rep.,,,,,,,,,,,
,,,,,,,,,,,,,
,,,,,http://localhost:8000/person/amos-barasa-wabuge/,9001,2064,86C3F6FC-1F6A-E211-B91E-005056870012,Amos Barasa Wabuge,,AMOS BARASA WABUGE,86C3F6FC-1F6A-E211-B91E-005056870012,
,,,,,http://localhost:8000/person/dickson-silomeloh-barasa/,8997,2063,975CCD40-5A66-E211-A3B9-00505687000D,Dickson Silomeloh Barasa,,DICKSON SILOMELOH BARASA,975CCD40-5A66-E211-A3B9-00505687000D,
,,,,,http://localhost:8000/person/ferdinard-kevin-wanyonyi/,9003,2065,7366141B-0269-E211-9497-005056870012,Ferdinard Kevin Wanyonyi,,FERDINARD KEVIN WANYONYI,7366141B-0269-E211-9497-005056870012,
,,,,,http://localhost:8000/person/nicholas-omooria-nyakeri/,9007,2067,C262D082-F366-E211-A3B9-00505687000D,Nicholas Omooria Nyakeri,,NICHOLAS OMOORIA NYAKERI,C262D082-F366-E211-A3B9-00505687000D,
,,,,,http://localhost:8000/person/phillemon-basara-busolo/,9005,2066,1F69F915-D866-E211-A3B9-00505687000D,Phillemon Basara Busolo,,PHILLEMON BASARA BUSOLO,1F69F915-D866-E211-A3B9-00505687000D,
,,,,,http://localhost:8000/person/richard-kamondah-chesebeh/,8995,2062,81C0C867-A067-E211-8158-00505687000D,Richard Kamondah Chesebeh,,RICHARD KAMONDAH CHESEBEH,81C0C867-A067-E211-8158-00505687000D,
,,,,[delpos],http://localhost:8000/person/abraham-korir-singoei/,8999,459,AAC45239-3569-E211-9497-005056870012,Abraham Korir Singoei,,,,
,,,Old,ABRAHAM KORIR SING'OEI,http://localhost:8000/person/abraham-korir-singoei/,5336,459,,Abraham Korir Singoei,,,,
,,,,,,,,,,,ABRAHAM KORIR SING'OEI,AAC45239-3569-E211-9497-005056870012,
,,,,,,,,,,,,,
,,,,,,,,,,,,,
MAKADARA,Constituency,National Assembly Rep.,,,,,,,,,,,
,,,,,,,,,,,,,
,,,,,http://localhost:8000/person/anthony-koinange/,37854,12545,,Anthony Koinange,,ANTHONY KOINANGE,C86AC86F-3D6C-E211-A5C8-005056870012,
,,,,,http://localhost:8000/person/benson-mutura-kangara/,37850,12543,,Benson Mutura Kangara,,BENSON MUTURA KANGARA,F0729C26-7C69-E211-B91E-005056870012,
,,,,,http://localhost:8000/person/consolata-wairimu-kivuti/,37858,12547,,Consolata Wairimu Kivuti,,CONSOLATA WAIRIMU KIVUTI,60BA660D-836B-E211-A5C8-005056870012,
,,,,,http://localhost:8000/person/george-aladwa-omwera/,37860,12548,,George Aladwa Omwera,,GEORGE ALADWA OMWERA,1A381458-8F6B-E211-A5C8-005056870012,
,,,,,http://localhost:8000/person/grace-atieno-omondi/,37848,12542,,Grace Atieno Omondi,,GRACE ATIENO OMONDI,C8632C93-6366-E211-A3B9-00505687000D,
,,,,,http://localhost:8000/person/lindy-ajiambo-wafula/,37846,12541,,Lindy Ajiambo Wafula,,LINDY AJIAMBO WAFULA,2AB6EA99-DB69-E211-B91E-005056870012,
,,,,,http://localhost:8000/person/patrick-orenga-angasa/,37856,12546,,Patrick Orenga Angasa,,PATRICK ORENGA ANGASA,E10A1FE8-8569-E211-B91E-005056870012,
,,,,,http://localhost:8000/person/teri-hudson-mwarisha/,37852,12544,,Teri Hudson Mwarisha,,TERI HUDSON MWARISHA,ACB9DC2F-8E6B-E211-A5C8-005056870012,
,,,Old,[endpos],http://localhost:8000/person/sonia-birdi/,5454,481,,Sonia Birdi,,,,
,,,,,,,,,,,,,
,,,,,,,,,,,,,
MBEERE SOUTH,Constituency,National Assembly Rep.,,,,,,,,,,,
,,,,,,,,,,,,,
,,,,,http://localhost:8000/person/geoffrey-kingangi-muturi/,9570,2341,0A01B5AE-C466-E211-A3B9-00505687000D,Geoffrey Kingangi Muturi,,GEOFFREY KINGANGI MUTURI,0A01B5AE-C466-E211-A3B9-00505687000D,
,,,,,http://localhost:8000/person/hesbon-erasmus-mwangi/,9580,2346,EF1FABDA-486C-E211-A5C8-005056870012,Hesbon Erasmus Mwangi,,HESBON ERASMUS MWANGI,EF1FABDA-486C-E211-A5C8-005056870012,
,,,,,http://localhost:8000/person/jonathan-magara-juma/,9572,2342,9EFA8127-3669-E211-9497-005056870012,Jonathan Magara Juma,,JONATHAN MAGARA JUMA,9EFA8127-3669-E211-9497-005056870012,
,,,Old,,http://localhost:8000/person/mutava-musyimi/,5149,95,F65CE7D1-9B67-E211-8158-00505687000D,Mutava Musyimi,Mutava Musyimi,MUTAVA MUSYIMI,F65CE7D1-9B67-E211-8158-00505687000D,
,,,,,http://localhost:8000/person/nebart-bernard-muriuki/,9568,2340,5AE25A3D-606C-E211-A5C8-005056870012,Nebart Bernard Muriuki,,NEBART BERNARD MURIUKI,5AE25A3D-606C-E211-A5C8-005056870012,
,,,,,http://localhost:8000/person/peter-mwaniki-kiura/,9574,2343,B45AB16B-566C-E211-A5C8-005056870012,Peter Mwaniki Kiura,,PETER MWANIKI KIURA,B45AB16B-566C-E211-A5C8-005056870012,
,,,,,http://localhost:8000/person/robert-mugo-muriuki/,9578,2345,9F2D7046-656C-E211-A5C8-005056870012,Robert Mugo Muriuki,,ROBERT MUGO MURIUKI,9F2D7046-656C-E211-A5C8-005056870012,
,,,,,http://localhost:8000/person/sebastian-ndaru-njiru/,9576,2344,F9BBC332-326C-E211-A5C8-005056870012,Sebastian Ndaru Njiru,,SEBASTIAN NDARU NJIRU,F9BBC332-326C-E211-A5C8-005056870012,
,,,Old,Geoffrey Kingangi Muturi,http://localhost:8000/person/geoffrey-kingangi/,5242,446,,Geoffrey Muturi King'ang'i,,,,
,,,,,,,,,,,,,
,,,,,,,,,,,,,
MOYALE,Constituency,National Assembly Rep.,,,,,,,,,,,
,,,,,,,,,,,,,
,,,,,http://localhost:8000/person/abdikadir-sharif-abo/,9652,2379,5B66141B-0269-E211-9497-005056870012,Abdikadir Sharif Abo,,ABDIKADIR SHARIF ABO,5B66141B-0269-E211-9497-005056870012,
,,,,,http://localhost:8000/person/bacho-abdi-roba/,9650,2378,8AE2BA8D-DB69-E211-B91E-005056870012,Bacho Abdi Roba,,BACHO ABDI ROBA,8AE2BA8D-DB69-E211-B91E-005056870012,
,,,,,http://localhost:8000/person/did-peter-boru/,9648,2377,B3FA8127-3669-E211-9497-005056870012,Did Peter Boru,,DID PETER BORU,B3FA8127-3669-E211-9497-005056870012,
,,,,,http://localhost:8000/person/guyo-waqo-jaldesa/,9646,2376,63E69B11-7C69-E211-B91E-005056870012,Guyo Waqo Jaldesa,,GUYO WAQO JALDESA,63E69B11-7C69-E211-B91E-005056870012,
,,,,,http://localhost:8000/person/roba-sharu-duba/,9654,2380,4E2A86A2-886B-E211-A5C8-005056870012,Roba Sharu Duba,,ROBA SHARU DUBA,4E2A86A2-886B-E211-A5C8-005056870012,
,,,,,http://localhost:8000/person/siad-alio-ibrahim/,9656,2381,7CA61CBD-486C-E211-A5C8-005056870012,Siad Alio Ibrahim,,SIAD ALIO IBRAHIM,7CA61CBD-486C-E211-A5C8-005056870012,
,,,Old,[endpos],http://localhost:8000/person/roba-duba-bonaya/,5251,425,,Roba Duba Bonaya,,,,
,,,,,,,,,,,,,
,,,,,,,,,,,,,
NDHIWA,Constituency,National Assembly Rep.,,,,,,,,,,,
,,,,,,,,,,,,,
,,,,,http://localhost:8000/person/aghostinho-neto-oyugi/,10012,2557,B81EA370-E26D-E211-A5C8-005056870012,Aghostinho Neto Oyugi,,AGHOSTINHO NETO OYUGI,B81EA370-E26D-E211-A5C8-005056870012,
,,,,,http://localhost:8000/person/benard-owuor-otieno/,10014,2558,A9F3EAC9-E26D-E211-A5C8-005056870012,Benard Owuor Otieno,,BENARD OWUOR OTIENO,A9F3EAC9-E26D-E211-A5C8-005056870012,
,,,,,http://localhost:8000/person/duncan-jomo-osodo/,10006,2554,8FC3F6FC-1F6A-E211-B91E-005056870012,Duncan Jomo Osodo,,DUNCAN JOMO OSODO,8FC3F6FC-1F6A-E211-B91E-005056870012,
,,,,,http://localhost:8000/person/johnson-oyugi-oduru/,10010,2556,69727624-C866-E211-A3B9-00505687000D,Johnson Oyugi Oduru,,JOHNSON OYUGI ODURU,69727624-C866-E211-A3B9-00505687000D,
,,,,,http://localhost:8000/person/martin-peters-owino/,10008,2555,4966141B-0269-E211-9497-005056870012,Martin Peters Owino,,MARTIN PETERS OWINO,4966141B-0269-E211-9497-005056870012,
,,,,,http://localhost:8000/person/maurice-okoth-odhiambo/,10002,2552,D40C0FED-9E67-E211-8158-00505687000D,Maurice Okoth Odhiambo,,MAURICE OKOTH ODHIAMBO,D40C0FED-9E67-E211-8158-00505687000D,
,,,,,http://localhost:8000/person/robinson-mireje-onyando/,10004,2553,BBABD209-E36D-E211-A5C8-005056870012,Robinson Mireje Onyando,,ROBINSON MIREJE ONYANDO,BBABD209-E36D-E211-A5C8-005056870012,
,,,Old,Aghostinho Neto Oyugi,http://localhost:8000/person/augostinho-neto-oyugi/,5660,444,,Augostinho Neto Oyugi,,,,
,,,,,,,,,,,,,
,,,,,,,,,,,,,
RARIEDA,Constituency,National Assembly Rep.,,,,,,,,,,,
,,,,,,,,,,,,,
,,,,,http://localhost:8000/person/drjoseph-arung-okweso/,10267,2681,6A66141B-0269-E211-9497-005056870012,Dr.Joseph Arung Okweso,,DR.JOSEPH ARUNG OKWESO,6A66141B-0269-E211-9497-005056870012,
,,,,,http://localhost:8000/person/george-otieno-juma/,10265,2680,3A5B1935-9C67-E211-8158-00505687000D,George Otieno Juma,,GEORGE OTIENO JUMA,3A5B1935-9C67-E211-8158-00505687000D,
,,,,,http://localhost:8000/person/nicolas-o-gumbo/,10269,2682,2831F532-3A6C-E211-A5C8-005056870012,Nicolas O Gumbo,,NICOLAS O GUMBO,2831F532-3A6C-E211-A5C8-005056870012,
,,,Old,Nicolas O Gumbo,http://localhost:8000/person/nicholas-gumbo/,5656,24,,Nicholas Gumbo,,,,
,,,,,,,,,,,,,
,,,,,,,,,,,,,
RONGO,Constituency,National Assembly Rep.,,,,,,,,,,,
,,,,,,,,,,,,,
,,,,,http://localhost:8000/person/asher-obuola-dande/,10293,2693,C0A30DF3-9E67-E211-8158-00505687000D,Asher Obuola Dande,,ASHER OBUOLA DANDE,C0A30DF3-9E67-E211-8158-00505687000D,
,,,,,http://localhost:8000/person/dalmas-otieno-anyango/,10299,2696,263C2F9C-B26B-E211-A5C8-005056870012,Dalmas Otieno Anyango,,DALMAS OTIENO ANYANGO,263C2F9C-B26B-E211-A5C8-005056870012,
,,,,,http://localhost:8000/person/eric-otieno-amuka/,10301,2697,1611B438-D866-E211-A3B9-00505687000D,Eric Otieno Amuka,,ERIC OTIENO AMUKA,1611B438-D866-E211-A3B9-00505687000D,
,,,,,http://localhost:8000/person/odalo-makojuando-abuor/,10303,2698,FBB0F1BC-AF6B-E211-A5C8-005056870012,Odalo Mak'Ojuando Abuor,,ODALO MAK'OJUANDO ABUOR,FBB0F1BC-AF6B-E211-A5C8-005056870012,
,,,,,http://localhost:8000/person/oluoch-adis/,10297,2695,4CFCCB61-396C-E211-A5C8-005056870012,Oluoch Adis,,OLUOCH ADIS,4CFCCB61-396C-E211-A5C8-005056870012,
,,,,,http://localhost:8000/person/thomas-mboya-kwanga/,10295,2694,1043B808-B36B-E211-A5C8-005056870012,Thomas Mboya Kwanga,,THOMAS MBOYA KWANGA,1043B808-B36B-E211-A5C8-005056870012,
,,,Old,Dalmas Otieno Anyango,http://localhost:8000/person/dalmas-otieno/,5661,130,,Dalmas Anyango Otieno,Dalmas Otieno,,,
,,,,,,,,,,,,,
,,,,,,,,,,,,,
TARBAJ,Constituency,National Assembly Rep.,,,,,,,,,,,
,,,,,,,,,,,,,
,,,,,http://localhost:8000/person/abdi-abdullahi-idris/,10601,2847,CC50BC2D-3669-E211-9497-005056870012,Abdi Abdullahi Idris,,ABDI ABDULLAHI IDRIS,CC50BC2D-3669-E211-9497-005056870012,
,,,,,http://localhost:8000/person/mahat-ahmed-dore/,10599,2846,426818EE-8569-E211-B91E-005056870012,Mahat Ahmed Dore,,MAHAT AHMED DORE,426818EE-8569-E211-B91E-005056870012,
,,,,,http://localhost:8000/person/mohamed-ibrahim-elmi/,10603,2848,8AA169E6-C36B-E211-A5C8-005056870012,Mohamed Ibrahim Elmi,,MOHAMED IBRAHIM ELMI,8AA169E6-C36B-E211-A5C8-005056870012,
,,,,,http://localhost:8000/person/ugas-sheikh-mohamed/,10597,2845,95838050-9F67-E211-8158-00505687000D,Ugas Sheikh Mohamed,,UGAS SHEIKH MOHAMED,95838050-9F67-E211-8158-00505687000D,
,,,Old,Mohamed Ibrahim Elmi,http://localhost:8000/person/Mohamed-Elmi/,5633,82,,Mohamed Ibrahim Elmi,,,,
